run_id,swept_param,swept_value,obs_mode,resample_method,event_start,event_end,obs_peak_m3s,sim_peak_m3s,peak_error_m3s,peak_error_pct,obs_peak_time,sim_peak_time,peak_timing_error_hr,obs_volume_m3,sim_volume_m3,volume_error_pct,rmse_m3s,nse,pbias_pct,kge,kge_r,kge_alpha,kge_beta,kge_gamma,kge_2012,threshold_m3s,first_arrival_error_min,rising_limb_steepness_ratio,time_to_peak_from_exc_min,duration_above_thresh_error_min,recession_rate_ratio,Ks_mult,f_RS_abs,As_value,Au_value,thetaS_mult,optpercolation,channelconductivity_mmhr,channelporosity,kinemvelcoef,flowexp,channelroughness,channelwidthcoeff,design_label,qout_kept
SMF_20140812_110_cc31p402377_ms1on,channelconductivity_mmhr,31.402377092001093,synth,interpolate,2014-08-12 16:00,2014-08-13 12:00,66.0736,43.9925,-22.0811,-33.41894493413405,2014-08-12 18:45:00,2014-08-12 18:45:00,0.0,138164.11,95145.38,-31.135965772876894,3.018920306193131,0.8873631469728375,-31.1359657728769,0.5484629221201535,0.999018147432598,0.6729832845177018,0.688640342271231,0.9772638098693288,0.6878097778002996,3.30368,0.0,0.6482216322722731,0.0,-5.0,0.8662750750034287,6.280398146349957,0.0004692576371341,1.0,1.0,1.0,1,31.402377092001093,0.4,4.5,0.24,0.026,2.33,ms1,True
SMF_20140812_110_cc310p859724_ms1on,channelconductivity_mmhr,310.8597244712774,synth,interpolate,2014-08-12 16:00,2014-08-13 12:00,66.0736,55.3671,-10.706499999999998,-16.20389989345215,2014-08-12 18:45:00,2014-08-12 18:45:00,0.0,138164.11,111335.09,-19.41822662918756,2.1483484577474736,0.942959061843556,-19.41822662918757,0.7459664816499362,0.9827928050077258,0.8371190976708406,0.8058177337081244,1.0388442232695438,0.8012244638212106,3.30368,-5.0,0.663546106160403,5.0,-5.0,1.1113624478418898,4.6739319894207085,0.0008517959373215,1.0,1.0,1.0,1,310.8597244712774,0.4,4.5,0.24,0.026,2.33,ms1,True
SMF_20140812_110_cc350p206715_ms1on,channelconductivity_mmhr,350.2067148344591,synth,interpolate,2014-08-12 16:00,2014-08-13 12:00,66.0736,44.8699,-21.2037,-32.09103181906238,2014-08-12 18:45:00,2014-08-12 18:45:00,0.0,138164.11,86904.29000000001,-37.10067686897848,3.090392588570126,0.881966708492569,-37.100676868978496,0.501837764932302,0.99902456255314,0.6675565633738634,0.6289932313102151,1.0613096137510407,0.6239603177453873,3.30368,0.0,0.6621996650625014,0.0,-10.0,0.9752853890362524,5.991377270271284,0.0011380165123385,1.0,1.0,1.0,1,350.2067148344591,0.4,4.5,0.24,0.026,2.33,ms1,True
SMF_20140812_110_cc469p705146_ms1on,channelconductivity_mmhr,469.70514599817017,synth,interpolate,2014-08-12 16:00,2014-08-13 12:00,66.0736,31.80063333333333,-34.27296666666667,-51.87089346829394,2014-08-12 18:45:00,2014-08-12 18:50:00,0.0833333333333333,138164.11,57675.69,-58.25566422423305,5.144537535712784,0.672908023203399,-58.25566422423305,0.2033632026221021,0.9815537752170804,0.4569367603058432,0.4174433577576695,1.0946078116090183,0.4095229533276944,3.30368,5.0,0.45399059507059,0.0,-15.0,0.9573093264145976,7.6663880763032335,0.000400859967338,1.0,1.0,1.0,1,469.70514599817017,0.4,4.5,0.24,0.026,2.33,ms1,True
SMF_20140812_110_cc32p691451_ms1on,channelconductivity_mmhr,32.69145100548933,synth,interpolate,2014-08-12 16:00,2014-08-13 12:00,66.0736,36.68356666666666,-29.39003333333333,-44.48075075874984,2014-08-12 18:45:00,2014-08-12 18:50:00,0.0833333333333333,138164.11,80548.52,-41.7008367802608,4.2035399029133735,0.7816226659981313,-41.70083678026081,0.3889133717639058,0.9899727836297374,0.5534237541881264,0.5829916321973919,0.9492825001658785,0.5797991091454524,3.30368,0.0,0.4254252567684223,5.0,0.0,0.8351936579432819,7.834245470378683,0.0007393309868912,1.0,1.0,1.0,1,32.69145100548933,0.4,4.5,0.24,0.026,2.33,ms1,True
SMF_20140812_110_cc194p966635_ms1on,channelconductivity_mmhr,194.96663473484665,synth,interpolate,2014-08-12 16:00,2014-08-13 12:00,66.0736,48.1533,-17.920299999999997,-27.12172486439364,2014-08-12 18:45:00,2014-08-12 18:45:00,0.0,138164.11,97460.84,-29.46008916497924,2.5892700140568325,0.9171424868074268,-29.46008916497924,0.5987395221047879,0.9967490101698632,0.7275853953530287,0.7053991083502077,1.0314521052552936,0.7037070888112265,3.30368,0.0,0.7145081593221723,0.0,-10.0,0.9481721727281374,5.567994950835536,0.0004330050525321,1.0,1.0,1.0,1,194.96663473484665,0.4,4.5,0.24,0.026,2.33,ms1,True
SMF_20140812_110_cc60p950555_ms1on,channelconductivity_mmhr,60.9505546506751,synth,interpolate,2014-08-12 16:00,2014-08-13 12:00,66.0736,55.7392,-10.334400000000002,-15.640740023246808,2014-08-12 18:45:00,2014-08-12 18:45:00,0.0,138164.11,117627.9,-14.863635715526977,1.950478658935456,0.9529824909681766,-14.863635715526993,0.7892147782453101,0.9859730596310098,0.851201854898424,0.8513636428447301,0.9998099661082948,0.8507031218096501,3.30368,-5.0,0.6682885050673953,5.0,0.0,1.0386250983036274,4.932877797234786,0.0006827448955212,1.0,1.0,1.0,1,60.9505546506751,0.4,4.5,0.24,0.026,2.33,ms1,True
SMF_20140812_110_cc128p872919_ms1on,channelconductivity_mmhr,128.87291933527965,synth,interpolate,2014-08-12 16:00,2014-08-13 12:00,66.0736,34.02846666666667,-32.04513333333333,-48.499148424383314,2014-08-12 18:45:00,2014-08-12 18:50:00,0.0833333333333333,138164.11,70430.25,-49.0242075166988,4.635642304487032,0.7344189729759031,-49.0242075166988,0.3067081205504582,0.9856632532213072,0.5099889842682649,0.509757924833012,1.000453272865407,0.5095481266948595,3.30368,5.0,0.4894826481643861,0.0,-5.0,0.8484957529316126,7.971093453099664,0.0004990974597829,1.0,1.0,1.0,1,128.87291933527965,0.4,4.5,0.24,0.026,2.33,ms1,True
SMF_20140812_110_cc202p948148_ms1on,channelconductivity_mmhr,202.9481479693665,synth,interpolate,2014-08-12 16:00,2014-08-13 12:00,66.0736,46.0105,-20.0631,-30.364775038744675,2014-08-12 18:45:00,2014-08-12 18:45:00,0.0,138164.11,92258.91999999998,-33.2251190269311,2.856552925236108,0.8991532838843307,-33.22511902693109,0.5473682289477709,0.999003196502925,0.6926180338515419,0.6677488097306891,1.0372433821797191,0.6656664591029338,3.30368,0.0,0.6803707890658456,0.0,-10.0,0.9212553351551652,6.052386521906263,0.0010483035541587,1.0,1.0,1.0,1,202.9481479693665,0.4,4.5,0.24,0.026,2.33,ms1,True
SMF_20140812_110_cc56p404858_ms1on,channelconductivity_mmhr,56.404857732026834,synth,interpolate,2014-08-12 16:00,2014-08-13 12:00,66.0736,42.6948,-23.3788,-35.38296687330492,2014-08-12 18:45:00,2014-08-12 18:45:00,0.0,138164.11,91215.87,-33.980054588706125,3.174219570190238,0.875476551104733,-33.98005458870614,0.5164342880357238,0.9992824454064132,0.6559493178065509,0.6601994541129387,0.993562345015722,0.6601377201402954,3.30368,0.0,0.6275477171231061,0.0,-5.0,0.8598362838421766,6.523914888730734,0.0005919466873146,1.0,1.0,1.0,1,56.404857732026834,0.4,4.5,0.24,0.026,2.33,ms1,True
SMF_20140812_110_cc932p241705_ms1on,channelconductivity_mmhr,932.2417052533576,synth,interpolate,2014-08-12 16:00,2014-08-13 12:00,66.0736,26.05353333333333,-40.020066666666665,-60.56892112230402,2014-08-12 18:45:00,2014-08-12 18:50:00,0.0833333333333333,138164.11,39388.42999999999,-71.49156173770453,6.326043513628474,0.5054142939870159,-71.49156173770452,0.0287937575824379,0.9373504921271324,0.3456207028759803,0.2850843826229546,1.2123452701830022,0.2515884724462038,3.30368,15.0,0.72486481847781,-10.0,-30.0,1.0573761210619792,7.926106588648337,0.0007471584919649,1.0,1.0,1.0,1,932.2417052533576,0.4,4.5,0.24,0.026,2.33,ms1,True
SMF_20140812_110_cc245p735501_ms1on,channelconductivity_mmhr,245.73550100888525,synth,interpolate,2014-08-12 16:00,2014-08-13 12:00,66.0736,41.08326666666667,-24.99033333333333,-37.82196419346506,2014-08-12 18:45:00,2014-08-12 18:50:00,0.0833333333333333,138164.11,81492.56,-41.01756237564154,3.552384836706691,0.8440385636762164,-41.017562375641546,0.4385169413512277,0.9989051150562416,0.6165707574368171,0.5898243762435846,1.0453463476087106,0.587323937769036,3.30368,0.0,0.4814992488971363,5.0,-5.0,1.0523237822552145,6.593754367430485,0.0009905904662614,1.0,1.0,1.0,1,245.73550100888525,0.4,4.5,0.24,0.026,2.33,ms1,True
SMF_20140812_110_cc126p134487_ms1on,channelconductivity_mmhr,126.13448736126549,synth,interpolate,2014-08-12 16:00,2014-08-13 12:00,66.0736,38.72526666666666,-27.348333333333336,-41.39071177192303,2014-08-12 18:45:00,2014-08-12 18:50:00,0.0833333333333333,138164.11,79946.55,-42.136528798976805,3.847748600113144,0.8170254917612662,-42.13652879897682,0.4089606610376801,0.9972761492183224,0.5855468966032042,0.578634712010232,1.0119456791124035,0.5784566160699026,3.30368,0.0,0.4514466377101218,5.0,-5.0,0.9208585016342316,7.228460972242563,0.0007876708987728,1.0,1.0,1.0,1,126.13448736126549,0.4,4.5,0.24,0.026,2.33,ms1,True
SMF_20140812_110_cc427p229781_ms1on,channelconductivity_mmhr,427.2297811529877,synth,interpolate,2014-08-12 16:00,2014-08-13 12:00,66.0736,38.04293333333333,-28.03066666666667,-42.42339855353222,2014-08-12 18:45:00,2014-08-12 18:50:00,0.0833333333333333,138164.11,71405.39,-48.3184236485148,4.136636649631464,0.7885187047257056,-48.3184236485148,0.3452887175385033,0.9948128348989966,0.5582388085029909,0.516815763514852,1.0801505060651049,0.5101857324536035,3.30368,5.0,0.5534379099628186,0.0,-15.0,1.0276555562554557,6.779101326014319,0.000897692654704,1.0,1.0,1.0,1,427.2297811529877,0.4,4.5,0.24,0.026,2.33,ms1,True
SMF_20140812_110_cc249p162731_ms1on,channelconductivity_mmhr,249.16273097472185,synth,interpolate,2014-08-12 16:00,2014-08-13 12:00,66.0736,44.3577,-21.7159,-32.866227963967454,2014-08-12 18:45:00,2014-08-12 18:45:00,0.0,138164.11,88471.23,-35.96656179379724,3.0898643320738866,0.8820070571034105,-35.96656179379725,0.5097880873268823,0.9990950343779116,0.6669121082399488,0.6403343820620274,1.0415060114253665,0.6379462406300365,3.30368,0.0,0.6540397056424478,0.0,-10.0,0.9239486580536332,6.041704648591902,0.0006999424628938,1.0,1.0,1.0,1,249.16273097472185,0.4,4.5,0.24,0.026,2.33,ms1,True
SMF_20140812_110_cc62p954526_ms1on,channelconductivity_mmhr,62.95452589528298,synth,interpolate,2014-08-12 16:00,2014-08-13 12:00,66.0736,47.5195,-18.5541,-28.08095820418442,2014-08-12 18:45:00,2014-08-12 18:45:00,0.0,138164.11,99321.03,-28.11372649525262,2.616063506937143,0.91541881290795,-28.11372649525264,0.6051995754767145,0.9970994856975852,0.7228343447041806,0.7188627350474737,1.0055248512171724,0.7187934945468413,3.30368,0.0,0.7044109662717429,0.0,-5.0,0.9549605438290942,5.875230384633407,0.0003497621696892,1.0,1.0,1.0,1,62.95452589528298,0.4,4.5,0.24,0.026,2.33,ms1,True
SMF_20140812_110_cc42p954289_ms1on,channelconductivity_mmhr,42.95428907852172,synth,interpolate,2014-08-12 16:00,2014-08-13 12:00,66.0736,53.3865,-12.6871,-19.201466243704,2014-08-12 18:45:00,2014-08-12 18:45:00,0.0,138164.11,113970.83000000002,-17.51053873542121,2.07746938415524,0.946660802730747,-17.510538735421232,0.7480554618319621,0.988233150454516,0.8192358030914,0.8248946126457878,0.9931399605869196,0.8243656765622284,3.30368,-5.0,0.6383034421582822,5.0,0.0,1.0047660087560777,5.167986146880161,0.0005981232285835,1.0,1.0,1.0,1,42.95428907852172,0.4,4.5,0.24,0.026,2.33,ms1,True
SMF_20140812_110_cc84p161348_ms1on,channelconductivity_mmhr,84.1613475093314,synth,interpolate,2014-08-12 16:00,2014-08-13 12:00,66.0736,42.30656666666667,-23.76703333333333,-35.97054395905979,2014-08-12 18:45:00,2014-08-12 18:50:00,0.0833333333333333,138164.11,88900.16,-35.65611214084467,3.265271351360084,0.8682302363867531,-35.656112140844684,0.4979880465495466,0.9991088940478248,0.6466172414544351,0.6434388785915532,1.004939650009709,0.6434035508980978,3.30368,0.0,0.4970901561342333,5.0,-5.0,0.9653735990183152,6.65134313920271,0.0008664482852043,1.0,1.0,1.0,1,84.1613475093314,0.4,4.5,0.24,0.026,2.33,ms1,True
SMF_20140812_110_cc70p217806_ms1on,channelconductivity_mmhr,70.21780562053188,synth,interpolate,2014-08-12 16:00,2014-08-13 12:00,66.0736,42.2259,-23.847700000000003,-36.09263003680744,2014-08-12 18:45:00,2014-08-12 18:50:00,0.0833333333333333,138164.11,89466.26,-35.246382001809295,3.25872715589748,0.8687578880680851,-35.2463820018093,0.5012028451382038,0.9991746740070568,0.6470592456041928,0.6475361799819072,0.9992634629655324,0.6475344441345448,3.30368,0.0,0.4960620628479373,5.0,-5.0,0.9546983016281702,6.634002047877912,0.0007034403049897,1.0,1.0,1.0,1,70.21780562053188,0.4,4.5,0.24,0.026,2.33,ms1,True
SMF_20140812_110_cc147p698939_ms1on,channelconductivity_mmhr,147.69893871736556,synth,interpolate,2014-08-12 16:00,2014-08-13 12:00,66.0736,38.84056666666667,-27.23303333333333,-41.21620939881183,2014-08-12 18:45:00,2014-08-12 18:50:00,0.0833333333333333,138164.11,79683.51000000001,-42.326911091454924,3.8515689385867193,0.816661969271283,-42.32691109145493,0.4075024960307605,0.9971268563785656,0.5854058647289899,0.5767308890854508,1.0150416352023306,0.5764539623627412,3.30368,0.0,0.4529161313784267,5.0,-5.0,0.928797767346851,6.954624942186999,0.0004610363723734,1.0,1.0,1.0,1,147.69893871736556,0.4,4.5,0.24,0.026,2.33,ms1,True
SMF_20140812_110_cc188p912911_ms1on,channelconductivity_mmhr,188.9129112807072,synth,interpolate,2014-08-12 16:00,2014-08-13 12:00,66.0736,36.391333333333336,-29.682266666666663,-44.923035322226525,2014-08-12 18:45:00,2014-08-12 18:50:00,0.0833333333333333,138164.11,72015.45,-47.8768762741641,4.356126119666187,0.7654809636008475,-47.87687627416411,0.3348228370089255,0.9897482553376112,0.5383334193175017,0.521231237258359,1.0328111226585326,0.5199987539433903,3.30368,5.0,0.5271259439765629,0.0,-10.0,0.9042340827201376,7.766019505831935,0.0011084567564742,1.0,1.0,1.0,1,188.9129112807072,0.4,4.5,0.24,0.026,2.33,ms1,True
SMF_20140812_110_cc276p95455_ms1on,channelconductivity_mmhr,276.9545504323368,synth,interpolate,2014-08-12 16:00,2014-08-13 12:00,66.0736,36.867466666666665,-29.206133333333334,-44.20242477076069,2014-08-12 18:45:00,2014-08-12 18:50:00,0.0833333333333333,138164.11,72040.37999999999,-47.85883251446414,4.217987369277116,0.7801189709748605,-47.85883251446415,0.3413814821420727,0.9955881266765404,0.5475487844259919,0.5214116748553586,1.050127587913876,0.5187734165062796,3.30368,5.0,0.534711318202519,0.0,-10.0,0.9982837746753216,7.25255734849884,0.000688223697464,1.0,1.0,1.0,1,276.9545504323368,0.4,4.5,0.24,0.026,2.33,ms1,True
SMF_20140812_110_cc451p92015_ms1on,channelconductivity_mmhr,451.9201495805636,synth,interpolate,2014-08-12 16:00,2014-08-13 12:00,66.0736,52.5083,-13.5653,-20.530590129794653,2014-08-12 18:45:00,2014-08-12 18:45:00,0.0,138164.11,101849.33,-26.28380119844436,2.3546639481394345,0.931477203330992,-26.28380119844437,0.6588366833194579,0.9883547981744324,0.7828065899273757,0.7371619880155563,1.0619193646089848,0.7297160030947574,3.30368,-5.0,0.6271108199596239,5.0,-5.0,1.155223966247744,4.867421814489507,0.0010300558626709,1.0,1.0,1.0,1,451.9201495805636,0.4,4.5,0.24,0.026,2.33,ms1,True
SMF_20140812_110_cc86p487274_ms1on,channelconductivity_mmhr,86.48727408159414,synth,interpolate,2014-08-12 16:00,2014-08-13 12:00,66.0736,46.0712,-20.0024,-30.2729077876792,2014-08-12 18:45:00,2014-08-12 18:45:00,0.0,138164.11,96905.67,-29.86190842180359,2.764385711394972,0.9055559744635364,-29.861908421803605,0.5800284444515118,0.997714039045996,0.7047077305564617,0.701380915781964,1.0047432353798629,0.7013344992159782,3.30368,0.0,0.6813378127612717,0.0,-5.0,0.944264809100591,5.930887586072592,0.0003685375076777,1.0,1.0,1.0,1,86.48727408159414,0.4,4.5,0.24,0.026,2.33,ms1,True
SMF_20140812_110_cc489p663419_ms1on,channelconductivity_mmhr,489.6634192726824,synth,interpolate,2014-08-12 16:00,2014-08-13 12:00,66.0736,44.7543,-21.3193,-32.26598823130569,2014-08-12 18:45:00,2014-08-12 18:45:00,0.0,138164.11,84296.38,-38.98822204985071,3.208415358531133,0.8727791232631488,-38.98822204985073,0.4813624067425434,0.9974238466569868,0.6579909786087599,0.6101177795014929,1.0784655040644489,0.602292044642075,3.30368,0.0,0.6603580186178348,0.0,-10.0,1.069004610265016,5.597853515091988,0.0003326394951577,1.0,1.0,1.0,1,489.6634192726824,0.4,4.5,0.24,0.026,2.33,ms1,True
SMF_20140812_110_cc763p252297_ms1on,channelconductivity_mmhr,763.2522973480361,synth,interpolate,2014-08-12 16:00,2014-08-13 12:00,66.0736,29.9037,-36.1699,-54.74183334947694,2014-08-12 18:45:00,2014-08-12 18:50:00,0.0833333333333333,138164.11,48790.91999999999,-64.68625607619809,5.629883068546757,0.6082798064531887,-64.68625607619806,0.1252678389461818,0.9669986329227696,0.4120917666528478,0.3531374392380192,1.1669444269121878,0.3311272883264319,3.30368,10.0,0.5650269003582183,-5.0,-25.0,1.0237141102716911,7.453135808965451,0.0004836426618968,1.0,1.0,1.0,1,763.2522973480361,0.4,4.5,0.24,0.026,2.33,ms1,True
SMF_20140812_110_cc45p836864_ms1on,channelconductivity_mmhr,45.836863809477,synth,interpolate,2014-08-12 16:00,2014-08-13 12:00,66.0736,43.2644,-22.809200000000004,-34.520897907787685,2014-08-12 18:45:00,2014-08-12 18:50:00,0.0833333333333333,138164.11,92287.04,-33.204766418717554,3.109935939807271,0.8804691253261456,-33.204766418717576,0.5269673945422417,0.99920737431244,0.6630970966606027,0.6679523358128244,0.9927311592580728,0.6678718386023681,3.30368,0.0,0.5092977018291563,5.0,-5.0,0.9500409021132342,6.618476728420091,0.0010878941243599,1.0,1.0,1.0,1,45.836863809477,0.4,4.5,0.24,0.026,2.33,ms1,True
SMF_20140812_110_cc562p331147_ms1on,channelconductivity_mmhr,562.3311473166702,synth,interpolate,2014-08-12 16:00,2014-08-13 12:00,66.0736,40.7806,-25.293,-38.28003922898102,2014-08-12 18:45:00,2014-08-12 18:45:00,0.0,138164.11,75820.03000000001,-45.123208914384485,3.7430099613814094,0.8268513233039579,-45.1232089143845,0.3957518607759647,0.9979452549478776,0.5981278891172451,0.5487679108561552,1.0899469106786537,0.5398858109219173,3.30368,0.0,0.5970522186423051,0.0,-10.0,1.0493327147613736,5.971583468406152,0.0004437157079433,1.0,1.0,1.0,1,562.3311473166702,0.4,4.5,0.24,0.026,2.33,ms1,True
SMF_20140812_110_cc664p169351_ms1on,channelconductivity_mmhr,664.1693505564126,synth,interpolate,2014-08-12 16:00,2014-08-13 12:00,66.0736,46.6947,-19.3789,-29.329263124757848,2014-08-12 18:45:00,2014-08-12 18:45:00,0.0,138164.11,85354.33,-38.22250221131956,3.0611523303998447,0.8841897246196463,-38.22250221131958,0.5015734678556559,0.994920691623489,0.6801449687086034,0.6177749778868044,1.100959075803208,0.6046337117430793,3.30368,0.0,0.6912709144762331,0.0,-15.0,1.0455678414406815,5.313468965035737,0.0011145718743213,1.0,1.0,1.0,1,664.1693505564126,0.4,4.5,0.24,0.026,2.33,ms1,True
SMF_20140812_110_cc69p093727_ms1on,channelconductivity_mmhr,69.09372655713872,synth,interpolate,2014-08-12 16:00,2014-08-13 12:00,66.0736,52.034,-14.0396,-21.24842599767532,2014-08-12 18:45:00,2014-08-12 18:45:00,0.0,138164.11,109866.86,-20.48089768030207,2.207578742704788,0.9397704500662212,-20.480897680302075,0.7100518525522352,0.9897370166579386,0.7950173607297167,0.7951910231969793,0.9997816091200772,0.7949339289381198,3.30368,-5.0,0.6210658863353657,5.0,0.0,1.00540370143216,5.209953059432968,0.0003414054874634,1.0,1.0,1.0,1,69.09372655713872,0.4,4.5,0.24,0.026,2.33,ms1,True
SMF_20140812_110_cc121p079767_ms1on,channelconductivity_mmhr,121.07976695996533,synth,interpolate,2014-08-12 16:00,2014-08-13 12:00,66.0736,51.6987,-14.374899999999997,-21.75589040100736,2014-08-12 18:45:00,2014-08-12 18:45:00,0.0,138164.11,106653.26,-22.80682733019449,2.194206016046107,0.9404979383123124,-22.806827330194505,0.6864284278782142,0.9930625042448724,0.784909635946551,0.771931726698055,1.0168122500988646,0.7712076970532665,3.30368,-5.0,0.6167925018862538,5.0,0.0,1.0267753987122497,5.3620868969057325,0.000913834585595,1.0,1.0,1.0,1,121.07976695996533,0.4,4.5,0.24,0.026,2.33,ms1,True
SMF_20140812_110_cc307p351235_ms1on,channelconductivity_mmhr,307.35123522697336,synth,interpolate,2014-08-12 16:00,2014-08-13 12:00,66.0736,35.6328,-30.440800000000003,-46.07104804339404,2014-08-12 18:45:00,2014-08-12 18:50:00,0.0833333333333333,138164.11,68329.65999999999,-50.54456616844997,4.474063854852061,0.7526103266034064,-50.544566168449975,0.3051939808503989,0.991737986520958,0.5233325829636494,0.4945543383155003,1.058190258215448,0.4911486622464375,3.30368,5.0,0.5150415995432207,0.0,-10.0,0.9809300126516496,7.528632522323521,0.0008798644475929,1.0,1.0,1.0,1,307.35123522697336,0.4,4.5,0.24,0.026,2.33,ms1,True
SMF_20140812_110_cc77p995876_ms1on,channelconductivity_mmhr,77.9958755568071,synth,interpolate,2014-08-12 16:00,2014-08-13 12:00,66.0736,54.7261,-11.347499999999997,-17.174030172413786,2014-08-12 18:45:00,2014-08-12 18:45:00,0.0,138164.11,115267.95,-16.571713160530614,2.017424704832389,0.9496995488293284,-16.571713160530617,0.767124965714553,0.9865745313670408,0.8369405915687685,0.8342828683946938,1.003185637958968,0.8337094133610968,3.30368,-5.0,0.6553765880217787,5.0,0.0,1.0413423325631928,5.026894688619476,0.0007997072872972,1.0,1.0,1.0,1,77.9958755568071,0.4,4.5,0.24,0.026,2.33,ms1,True
SMF_20140812_110_cc44p782211_ms1on,channelconductivity_mmhr,44.78221126273361,synth,interpolate,2014-08-12 16:00,2014-08-13 12:00,66.0736,52.0947,-13.978899999999996,-21.15655874660984,2014-08-12 18:45:00,2014-08-12 18:45:00,0.0,138164.11,110291.62,-20.17346617728728,2.08549438312858,0.9462479217977664,-20.173466177287285,0.7121442397246285,0.9938413713430744,0.7947534744358316,0.7982653382271272,0.995600630989321,0.7981234116712852,3.30368,-5.0,0.6218395052917066,5.0,0.0,0.9815643344180198,5.455989699592929,0.0012556083528981,1.0,1.0,1.0,1,44.78221126273361,0.4,4.5,0.24,0.026,2.33,ms1,True
SMF_20140812_110_cc47p047024_ms1on,channelconductivity_mmhr,47.04702435639207,synth,interpolate,2014-08-12 16:00,2014-08-13 12:00,66.0736,42.2509,-23.8227,-36.05479344246415,2014-08-12 18:45:00,2014-08-12 18:45:00,0.0,138164.11,90799.0,-34.28177549147893,3.225114779978244,0.8714513375970907,-34.28177549147893,0.5105015101161359,0.9991081039645846,0.6505948440059464,0.6571822450852107,0.9899762948123922,0.6570345742949553,3.30368,0.0,0.6204758585003773,0.0,-5.0,0.8521809654862481,6.606905053765414,0.0005875945798275,1.0,1.0,1.0,1,47.04702435639207,0.4,4.5,0.24,0.026,2.33,ms1,True
SMF_20140812_110_cc99p55564_ms1on,channelconductivity_mmhr,99.5556398171232,synth,interpolate,2014-08-12 16:00,2014-08-13 12:00,66.0736,49.2286,-16.845,-25.49429726850058,2014-08-12 18:45:00,2014-08-12 18:45:00,0.0,138164.11,101961.06,-26.2029335983129,2.414805282723026,0.9279321699945016,-26.202933598312907,0.6370745688447065,0.9960414987121882,0.7489226694202549,0.7379706640168711,1.014840705650507,0.7375208785590555,3.30368,-5.0,0.5853111808968372,5.0,0.0,0.9949505249907924,5.632569615839768,0.0006070039200543,1.0,1.0,1.0,1,99.5556398171232,0.4,4.5,0.24,0.026,2.33,ms1,True
SMF_20140812_110_cc258p819834_ms1on,channelconductivity_mmhr,258.8198340437359,synth,interpolate,2014-08-12 16:00,2014-08-13 12:00,66.0736,38.615833333333335,-27.457766666666664,-41.55633515756166,2014-08-12 18:45:00,2014-08-12 18:50:00,0.0833333333333333,138164.11,76315.65,-44.764490575736346,3.938579870969893,0.8082848097188917,-44.76449057573636,0.3834807832817124,0.9974240918961568,0.5760856836224418,0.5523550942426365,1.0429625609090174,0.5502907844029219,3.30368,0.0,0.4500519144626386,5.0,-5.0,1.014168435318609,6.799199913422591,0.0004232317409319,1.0,1.0,1.0,1,258.8198340437359,0.4,4.5,0.24,0.026,2.33,ms1,True
SMF_20140812_110_cc174p14714_ms1on,channelconductivity_mmhr,174.14714026926188,synth,interpolate,2014-08-12 16:00,2014-08-13 12:00,66.0736,43.1804,-22.8932,-34.6480288647811,2014-08-12 18:45:00,2014-08-12 18:45:00,0.0,138164.11,87706.81000000001,-36.51983138023325,3.194349729683319,0.8738921457344667,-36.519831380233256,0.4969383270645755,0.999703857598297,0.6540214592316469,0.6348016861976674,1.03027681471532,0.6335486640579749,3.30368,0.0,0.6352839066865148,0.0,-5.0,0.9349705340308136,6.497312321859771,0.0012482392013152,1.0,1.0,1.0,1,174.14714026926188,0.4,4.5,0.24,0.026,2.33,ms1,True
SMF_20140812_110_cc104p289087_ms1on,channelconductivity_mmhr,104.28908669608036,synth,interpolate,2014-08-12 16:00,2014-08-13 12:00,66.0736,40.320166666666665,-25.753433333333334,-38.97688839919928,2014-08-12 18:45:00,2014-08-12 18:50:00,0.0833333333333333,138164.11,84588.75,-38.776611379033234,3.570780130643942,0.8424191531975452,-38.77661137903324,0.4532450761402289,0.9981942308003432,0.6145455578690984,0.6122338862096676,1.0037757982880404,0.6122112992115791,3.30368,0.0,0.4717735713751639,5.0,-5.0,0.9328778335003296,6.71871196588123,0.0004161309481159,1.0,1.0,1.0,1,104.28908669608036,0.4,4.5,0.24,0.026,2.33,ms1,True
SMF_20140812_110_cc210p816402_ms1on,channelconductivity_mmhr,210.8164023038488,synth,interpolate,2014-08-12 16:00,2014-08-13 12:00,66.0736,45.5974,-20.4762,-30.98998692367299,2014-08-12 18:45:00,2014-08-12 18:45:00,0.0,138164.11,91221.41,-33.97604486432836,2.9186141371824363,0.894723709335542,-33.97604486432837,0.5373767634190898,0.9989181284480864,0.6860224114427008,0.6602395513567164,1.0390507657909975,0.6580010303857575,3.30368,0.0,0.6737896113297579,0.0,-10.0,0.9267282594661106,6.064386856110242,0.0009701112938277,1.0,1.0,1.0,1,210.8164023038488,0.4,4.5,0.24,0.026,2.33,ms1,True
SMF_20140812_110_cc87p413518_ms1on,channelconductivity_mmhr,87.41351822450949,synth,interpolate,2014-08-12 16:00,2014-08-13 12:00,66.0736,54.4274,-11.6462,-17.62610180162728,2014-08-12 18:45:00,2014-08-12 18:45:00,0.0,138164.11,112448.56,-18.612322693643083,1.9871784381430744,0.9511965028874162,-18.61232269364309,0.7429080217748351,0.9903521067222923,0.8229086455588515,0.8138767730635691,1.0110973464217254,0.8132967902055994,3.30368,-5.0,0.6515696690389281,5.0,0.0,1.039560718782339,5.243857366433869,0.0013453990051758,1.0,1.0,1.0,1,87.41351822450949,0.4,4.5,0.24,0.026,2.33,ms1,True
SMF_20140812_110_cc36p097414_ms1on,channelconductivity_mmhr,36.09741357390094,synth,interpolate,2014-08-12 16:00,2014-08-13 12:00,66.0736,39.8859,-26.1877,-39.63413526733824,2014-08-12 18:45:00,2014-08-12 18:50:00,0.0833333333333333,138164.11,86250.02,-37.57422242288536,3.645730520232524,0.8357345079778649,-37.57422242288536,0.4567799800378117,0.9967100735863004,0.6077055348294262,0.6242577757711464,0.973484926285022,0.6233090234444627,3.30368,0.0,0.4662388609066253,5.0,0.0,0.9161286304348732,7.428003820557684,0.0013629608084957,1.0,1.0,1.0,1,36.09741357390094,0.4,4.5,0.24,0.026,2.33,ms1,True
SMF_20140812_110_cc507p903986_ms1on,channelconductivity_mmhr,507.9039857594435,synth,interpolate,2014-08-12 16:00,2014-08-13 12:00,66.0736,43.5504,-22.5232,-34.088047268500574,2014-08-12 18:45:00,2014-08-12 18:45:00,0.0,138164.11,81146.94,-41.267714169765206,3.377301374420215,0.8590331989508935,-41.26771416976523,0.4512738875901849,0.9980524125496132,0.6383452888959303,0.587322858302348,1.08687288409149,0.578273649901984,3.30368,0.0,0.6411784498052572,0.0,-10.0,1.0488209121239438,5.894608287816317,0.0008393438236365,1.0,1.0,1.0,1,507.9039857594435,0.4,4.5,0.24,0.026,2.33,ms1,True
SMF_20140812_110_cc217p895012_ms1on,channelconductivity_mmhr,217.89501158955832,synth,interpolate,2014-08-12 16:00,2014-08-13 12:00,66.0736,39.59003333333333,-26.48356666666667,-40.08191874919282,2014-08-12 18:45:00,2014-08-12 18:50:00,0.0833333333333333,138164.11,79954.48,-42.13078924765628,3.73133090373308,0.8279301654714866,-42.13078924765629,0.417209646296602,0.9983952906801696,0.5973317978599658,0.5786921075234371,1.0322100303325352,0.5774595860641647,3.30368,0.0,0.4624680526383762,5.0,-5.0,0.9978051355394154,6.699550090561168,0.0005229842437864,1.0,1.0,1.0,1,217.89501158955832,0.4,4.5,0.24,0.026,2.33,ms1,True
SMF_20140812_110_cc91p242698_ms1on,channelconductivity_mmhr,91.242697945211,synth,interpolate,2014-08-12 16:00,2014-08-13 12:00,66.0736,52.284,-13.7896,-20.870060054242543,2014-08-12 18:45:00,2014-08-12 18:45:00,0.0,138164.11,108892.48,-21.1861314779938,2.167762099105249,0.9419234982501684,-21.18613147799381,0.7042755553498743,0.9914620176403526,0.7938572501382414,0.7881386852200619,1.00725578508633,0.7878426049832892,3.30368,-5.0,0.6242521258590101,5.0,0.0,1.0177721765865853,5.269809313838573,0.0006318724631413,1.0,1.0,1.0,1,91.242697945211,0.4,4.5,0.24,0.026,2.33,ms1,True
SMF_20140812_110_cc74p631935_ms1on,channelconductivity_mmhr,74.63193537245105,synth,interpolate,2014-08-12 16:00,2014-08-13 12:00,66.0736,53.7398,-12.333799999999997,-18.666759492444783,2014-08-12 18:45:00,2014-08-12 18:45:00,0.0,138164.11,113104.26,-18.13774213867841,2.1084638225485044,0.9450573606514712,-18.13774213867842,0.7447339204206025,0.9869865723610955,0.8208529846857525,0.8186225786132159,1.0027245841133714,0.8181359253551629,3.30368,-5.0,0.6428062358530966,5.0,0.0,1.033569994739881,5.089708465483555,0.0004658911012748,1.0,1.0,1.0,1,74.63193537245105,0.4,4.5,0.24,0.026,2.33,ms1,True
SMF_20140812_110_cc59p945542_ms1on,channelconductivity_mmhr,59.94554174437848,synth,interpolate,2014-08-12 16:00,2014-08-13 12:00,66.0736,44.3861,-21.6875,-32.82324559279349,2014-08-12 18:45:00,2014-08-12 18:45:00,0.0,138164.11,93535.27,-32.301326299572295,2.9692431628930755,0.8910395868836389,-32.301326299572295,0.5439334449587402,0.9995631256963334,0.6780389096538199,0.676986737004277,1.0015541997974713,0.6769827025261468,3.30368,0.0,0.6544921516548053,0.0,-5.0,0.8918863067775143,6.504950258455417,0.0013043786084212,1.0,1.0,1.0,1,59.94554174437848,0.4,4.5,0.24,0.026,2.33,ms1,True
SMF_20140812_110_cc341p182475_ms1on,channelconductivity_mmhr,341.18247454482514,synth,interpolate,2014-08-12 16:00,2014-08-13 12:00,66.0736,47.2175,-18.8561,-28.53802426385122,2014-08-12 18:45:00,2014-08-12 18:45:00,0.0,138164.11,91757.82,-33.5878036633392,2.7968201775838164,0.903326754418496,-33.587803663339194,0.551556092704997,0.9976530222990836,0.7028765000997421,0.664121963366608,1.0583545476145333,0.6590823896828918,3.30368,0.0,0.6995997445910398,0.0,-10.0,1.0133100182370272,5.612614908967431,0.0008085536983362,1.0,1.0,1.0,1,341.18247454482514,0.4,4.5,0.24,0.026,2.33,ms1,True
SMF_20140812_110_cc754p502519_ms1on,channelconductivity_mmhr,754.5025193172717,synth,interpolate,2014-08-12 16:00,2014-08-13 12:00,66.0736,37.099,-28.9746,-43.85200745834948,2014-08-12 18:45:00,2014-08-12 18:45:00,0.0,138164.11,65378.13,-52.68081558951886,4.376325326160807,0.7633010077438689,-52.68081558951886,0.2973948909075443,0.9924288301316018,0.5351669293262838,0.4731918441048113,1.1309724290339735,0.4571022813660709,3.30368,5.0,0.7178665619880775,-5.0,-20.0,0.9579516004033708,6.258518095379977,0.000827323154961,1.0,1.0,1.0,1,754.5025193172717,0.4,4.5,0.24,0.026,2.33,ms1,True
SMF_20140812_110_cc363p931347_ms1on,channelconductivity_mmhr,363.93134671716456,synth,interpolate,2014-08-12 16:00,2014-08-13 12:00,66.0736,51.1743,-14.899299999999997,-22.549550803951952,2014-08-12 18:45:00,2014-08-12 18:45:00,0.0,138164.11,100472.37,-27.28041312610053,2.4541959886818634,0.9255618288058812,-27.280413126100544,0.6395860732985454,0.98972872071677,0.7646904053184922,0.7271958687389947,1.0515604367287117,0.7221761856016633,3.30368,-5.0,0.6101090458614572,5.0,-5.0,1.0916318543439785,5.0026810222477724,0.0003642604963752,1.0,1.0,1.0,1,363.93134671716456,0.4,4.5,0.24,0.026,2.33,ms1,True
SMF_20140812_110_cc184p184992_ms1on,channelconductivity_mmhr,184.18499196295835,synth,interpolate,2014-08-12 16:00,2014-08-13 12:00,66.0736,43.7543,-22.3193,-33.7794520050368,2014-08-12 18:45:00,2014-08-12 18:45:00,0.0,138164.11,88945.42,-35.623353995476826,3.125065552503792,0.8793032782621552,-35.623353995476826,0.5090038200155649,0.9993998469815264,0.6621027469970245,0.6437664600452317,1.028482824269075,0.6426290912081762,3.30368,0.0,0.6444268209996126,0.0,-5.0,0.9659045817662072,6.156363618713736,0.0006149943386858,1.0,1.0,1.0,1,184.18499196295835,0.4,4.5,0.24,0.026,2.33,ms1,True
SMF_20140812_110_cc302p69213_ms1on,channelconductivity_mmhr,302.69213003345584,synth,interpolate,2014-08-12 16:00,2014-08-13 12:00,66.0736,38.1823,-27.8913,-42.21247215226656,2014-08-12 18:45:00,2014-08-12 18:50:00,0.0833333333333333,138164.11,74900.34,-45.78885934994261,4.0054327256847255,0.8017212855002911,-45.78885934994262,0.3711415512142949,0.997344129533466,0.568961798787688,0.5421114065005739,1.0495292885653122,0.5394327756661318,3.30368,0.0,0.4445265502967026,5.0,-10.0,0.9532766659626444,6.739329693759944,0.0003796805091611,1.0,1.0,1.0,1,302.69213003345584,0.4,4.5,0.24,0.026,2.33,ms1,True
SMF_20140812_110_cc920p449738_ms1on,channelconductivity_mmhr,920.4497375474936,synth,interpolate,2014-08-12 16:00,2014-08-13 12:00,66.0736,48.4259,-17.6477,-26.709154639674548,2014-08-12 18:45:00,2014-08-12 18:45:00,0.0,138164.11,86847.7,-37.141635407342754,3.0537825983635827,0.8847466804415567,-37.14163540734276,0.5219744566225205,0.986668883593156,0.6993663468879707,0.6285836459265723,1.112606653736688,0.6116598331312805,3.30368,0.0,0.7188510037928995,0.0,-15.0,1.2166494351097188,4.637818128260976,0.0005434625181223,1.0,1.0,1.0,1,920.4497375474936,0.4,4.5,0.24,0.026,2.33,ms1,True
SMF_20140812_110_cc92p628577_ms1on,channelconductivity_mmhr,92.62857692668864,synth,interpolate,2014-08-12 16:00,2014-08-13 12:00,66.0736,38.0214,-28.0522,-42.4559884734599,2014-08-12 18:45:00,2014-08-12 18:50:00,0.0833333333333333,138164.11,79343.34,-42.57311830112755,3.961264514643024,0.8060700444256861,-42.57311830112756,0.3988754840920269,0.9950747144332004,0.5756423854818906,0.5742688169887246,1.00239185630933,0.574233609120331,3.30368,0.0,0.4424758865392851,5.0,-5.0,0.8798463268143092,7.535110057359166,0.0010355794003948,1.0,1.0,1.0,1,92.62857692668864,0.4,4.5,0.24,0.026,2.33,ms1,True
SMF_20140812_110_cc336p551135_ms1on,channelconductivity_mmhr,336.5511348541132,synth,interpolate,2014-08-12 16:00,2014-08-13 12:00,66.0736,38.5008,-27.5728,-41.73043394033321,2014-08-12 18:45:00,2014-08-12 18:50:00,0.0833333333333333,138164.11,74318.85,-46.2097284164462,4.005099288530964,0.8017542960351783,-46.20972841644621,0.3692652344723537,0.996206313087152,0.5707238041159857,0.537902715835538,1.061016773691997,0.5338762623891111,3.30368,5.0,0.560732274312282,0.0,-15.0,0.9765439881183168,6.7702201680234975,0.0007199564335777,1.0,1.0,1.0,1,336.5511348541132,0.4,4.5,0.24,0.026,2.33,ms1,True
SMF_20140812_110_cc266p673489_ms1on,channelconductivity_mmhr,266.6734886929236,synth,interpolate,2014-08-12 16:00,2014-08-13 12:00,66.0736,47.0977,-18.9759,-28.7193372239442,2014-08-12 18:45:00,2014-08-12 18:45:00,0.0,138164.11,92961.96,-32.71627487051449,2.7926512569948687,0.9036147405503454,-32.716274870514496,0.5585046942513411,0.9973856896211748,0.7035614629656947,0.6728372512948552,1.0456636602859186,0.6696555303478346,3.30368,0.0,0.6976911871163769,0.0,-10.0,0.97732173011243,5.645623385554977,0.0004000783494974,1.0,1.0,1.0,1,266.6734886929236,0.4,4.5,0.24,0.026,2.33,ms1,True
SMF_20140812_110_cc98p319244_ms1on,channelconductivity_mmhr,98.31924445924456,synth,interpolate,2014-08-12 16:00,2014-08-13 12:00,66.0736,36.3533,-29.7203,-44.98059739442077,2014-08-12 18:45:00,2014-08-12 18:50:00,0.0833333333333333,138164.11,75817.59999999999,-45.12496769240579,4.242801447694637,0.7775242765636405,-45.12496769240581,0.360958034847862,0.992148306289603,0.5475768427596597,0.5487503230759421,0.9978615405459724,0.5486769526968238,3.30368,5.0,0.5265200274271498,0.0,-5.0,0.8846171022143987,7.747166769769469,0.0007608211192997,1.0,1.0,1.0,1,98.31924445924456,0.4,4.5,0.24,0.026,2.33,ms1,True
SMF_20140812_110_cc686p974799_ms1on,channelconductivity_mmhr,686.9747993289182,synth,interpolate,2014-08-12 16:00,2014-08-13 12:00,66.0736,52.1442,-13.9294,-21.081642289810155,2014-08-12 18:45:00,2014-08-12 18:45:00,0.0,138164.11,96685.73,-30.021095927155027,2.5103588136827697,0.9221158986964396,-30.021095927155034,0.6173479885651727,0.9884311896765132,0.7630145480919264,0.6997890407284496,1.0903493820046992,0.6862748523505386,3.30368,0.0,0.7780879758967352,0.0,-15.0,1.1234852511947055,4.722063898026028,0.0013825750888856,1.0,1.0,1.0,1,686.9747993289182,0.4,4.5,0.24,0.026,2.33,ms1,True
SMF_20140812_110_cc898p346241_ms1on,channelconductivity_mmhr,898.3462407869301,synth,interpolate,2014-08-12 16:00,2014-08-13 12:00,66.0736,39.206,-26.8676,-40.66313928709802,2014-08-12 18:45:00,2014-08-12 18:45:00,0.0,138164.11,66959.84,-51.53601032858678,4.204235919256027,0.7815503427751642,-51.53601032858678,0.3194025319647877,0.9919806207078392,0.5555311405813789,0.4846398967141322,1.1462761203687326,0.4642229475862374,3.30368,5.0,0.7626226064968699,-5.0,-20.0,1.0682348540013695,5.712851688415321,0.0003969548800983,1.0,1.0,1.0,1,898.3462407869301,0.4,4.5,0.24,0.026,2.33,ms1,True
SMF_20140812_110_cc554p662948_ms1on,channelconductivity_mmhr,554.6629475496594,synth,interpolate,2014-08-12 16:00,2014-08-13 12:00,66.0736,40.2889,-25.7847,-39.0242093665246,2014-08-12 18:45:00,2014-08-12 18:45:00,0.0,138164.11,73981.92,-46.453590588757095,3.85522073526968,0.8163141470634051,-46.4535905887571,0.378414324180804,0.9971212630505571,0.5870025939568186,0.5354640941124291,1.096250150871121,0.5255888001660123,3.30368,5.0,0.7856251316979004,-5.0,-15.0,1.0207695566062298,6.2027284098100965,0.0008993951994696,1.0,1.0,1.0,1,554.6629475496594,0.4,4.5,0.24,0.026,2.33,ms1,True
SMF_20140812_110_cc832p344275_ms1on,channelconductivity_mmhr,832.344275418776,synth,interpolate,2014-08-12 16:00,2014-08-13 12:00,66.0736,44.6565,-21.4171,-32.4140049883766,2014-08-12 18:45:00,2014-08-12 18:45:00,0.0,138164.11,78406.32999999999,-43.25130455369343,3.474131646660936,0.8508340310427654,-43.25130455369343,0.4357852230159568,0.9925459106352468,0.637763590235242,0.5674869544630656,1.123838328298964,0.550045525009725,3.30368,0.0,0.6587999474907726,0.0,-15.0,1.1280881202911566,5.17648405969419,0.000311615519399,1.0,1.0,1.0,1,832.344275418776,0.4,4.5,0.24,0.026,2.33,ms1,True
SMF_20140812_110_cc153p237901_ms1on,channelconductivity_mmhr,153.2379010682884,synth,interpolate,2014-08-12 16:00,2014-08-13 12:00,66.0736,42.2702,-23.8034,-36.02558359163115,2014-08-12 18:45:00,2014-08-12 18:45:00,0.0,138164.11,86441.87999999999,-37.43535857466892,3.316502697678895,0.8640629250370148,-37.43535857466892,0.4810070762417505,0.999688384269372,0.6405379705095838,0.6256464142533108,1.0238018726184912,0.6248903714833299,3.30368,0.0,0.620783330614409,0.0,-5.0,0.9175284295094952,6.423908001726328,0.0005065405158923,1.0,1.0,1.0,1,153.2379010682884,0.4,4.5,0.24,0.026,2.33,ms1,True
SMF_20140812_110_cc969p225871_ms1on,channelconductivity_mmhr,969.2258709112238,synth,interpolate,2014-08-12 16:00,2014-08-13 12:00,66.0736,29.91156666666667,-36.162033333333326,-54.72992743445692,2014-08-12 18:45:00,2014-08-12 18:50:00,0.0833333333333333,138164.11,45992.68,-66.7115577265326,5.7590442220430695,0.5900998873586101,-66.71155772653259,0.1035232971244399,0.9591938295588692,0.4025369117489222,0.332884422734674,1.2092392562020386,0.2996505134491051,3.30368,10.0,0.5651940009199028,-5.0,-25.0,1.1580934490821593,7.260077549190542,0.0009988494034918,1.0,1.0,1.0,1,969.2258709112238,0.4,4.5,0.24,0.026,2.33,ms1,True
SMF_20140812_110_cc130p983648_ms1on,channelconductivity_mmhr,130.98364836290153,synth,interpolate,2014-08-12 16:00,2014-08-13 12:00,66.0736,37.34876666666667,-28.72483333333333,-43.4739946564639,2014-08-12 18:45:00,2014-08-12 18:50:00,0.0833333333333333,138164.11,76241.11000000002,-44.81844091059536,4.1185624552871,0.7903627165903753,-44.81844091059538,0.3720215733643762,0.993640978344118,0.5601736676849819,0.5518155908940464,1.0151465035219354,0.5515146398253197,3.30368,5.0,0.5423790036161695,0.0,-10.0,0.8894121382136406,7.651911258876877,0.0010944126011925,1.0,1.0,1.0,1,130.98364836290153,0.4,4.5,0.24,0.026,2.33,ms1,True
SMF_20140812_110_cc139p263223_ms1on,channelconductivity_mmhr,139.2632226460088,synth,interpolate,2014-08-12 16:00,2014-08-13 12:00,66.0736,47.507,-18.5666,-28.099876501356064,2014-08-12 18:45:00,2014-08-12 18:45:00,0.0,138164.11,96996.12,-29.79644279545534,2.63364449985446,0.9142781541005645,-29.796442795455352,0.590399964343606,0.9981020716219854,0.7189558989209933,0.7020355720454465,1.0241018084400593,0.7010563604481713,3.30368,0.0,0.7042118263015151,0.0,-5.0,0.9975043955987648,5.837238005469883,0.0006952989541949,1.0,1.0,1.0,1,139.2632226460088,0.4,4.5,0.24,0.026,2.33,ms1,True
SMF_20140812_110_cc167p198263_ms1on,channelconductivity_mmhr,167.1982626935601,synth,interpolate,2014-08-12 16:00,2014-08-13 12:00,66.0736,35.988800000000005,-30.0848,-45.53225493994575,2014-08-12 18:45:00,2014-08-12 18:50:00,0.0833333333333333,138164.11,71403.11,-48.32007385999157,4.454029256269327,0.7548209591871998,-48.32007385999157,0.3267287359491775,0.9858572946623428,0.5313730427100674,0.5167992614000843,1.0282000815374632,0.5157704939840082,3.30368,5.0,0.5207131058953078,0.0,-10.0,0.8774846340131812,7.987008349952833,0.0011805694278754,1.0,1.0,1.0,1,167.1982626935601,0.4,4.5,0.24,0.026,2.33,ms1,True
SMF_20140812_110_cc71p814808_ms1on,channelconductivity_mmhr,71.81480759033965,synth,interpolate,2014-08-12 16:00,2014-08-13 12:00,66.0736,51.1448,-14.928800000000004,-22.594197985277027,2014-08-12 18:45:00,2014-08-12 18:45:00,0.0,138164.11,108092.25,-21.76531951749263,2.239908778248171,0.937993406270712,-21.76531951749264,0.6921756021663293,0.9919806082800184,0.782471528557182,0.7823468048250737,1.0001594225621415,0.7821990600824542,3.30368,-5.0,0.6097330695976672,5.0,0.0,0.992892361073223,5.323359188393267,0.0004540656834297,1.0,1.0,1.0,1,71.81480759033965,0.4,4.5,0.24,0.026,2.33,ms1,True
SMF_20140812_110_cc171p432724_ms1on,channelconductivity_mmhr,171.43272357907765,synth,interpolate,2014-08-12 16:00,2014-08-13 12:00,66.0736,47.8948,-18.178800000000003,-27.512955249903143,2014-08-12 18:45:00,2014-08-12 18:45:00,0.0,138164.11,96537.37,-30.128475477459364,2.602907001757293,0.916267412062479,-30.12847547745937,0.5893143033490535,0.998788336097796,0.72091440408958,0.6987152452254064,1.0317713961672783,0.6970422583867231,3.30368,0.0,0.7103899447378617,0.0,-5.0,1.0083870253072795,5.905276433903904,0.0012372802224067,1.0,1.0,1.0,1,171.43272357907765,0.4,4.5,0.24,0.026,2.33,ms1,True
SMF_20140812_110_cc386p411704_ms1on,channelconductivity_mmhr,386.4117037623348,synth,interpolate,2014-08-12 16:00,2014-08-13 12:00,66.0736,34.169066666666666,-31.904533333333333,-48.28635541779672,2014-08-12 18:45:00,2014-08-12 18:50:00,0.0833333333333333,138164.11,64353.45,-53.42245536847447,4.686881905334343,0.7285153791652541,-53.42245536847449,0.2681800105370344,0.9914866363060744,0.4999078626327694,0.4657754463152551,1.0732808407732426,0.4607056158780408,3.30368,5.0,0.4917225745495082,0.0,-15.0,0.9540956251242592,7.390364672208338,0.0004061375936101,1.0,1.0,1.0,1,386.4117037623348,0.4,4.5,0.24,0.026,2.33,ms1,True
SMF_20140812_110_cc49p946789_ms1on,channelconductivity_mmhr,49.946788866928166,synth,interpolate,2014-08-12 16:00,2014-08-13 12:00,66.0736,36.876466666666666,-29.197133333333333,-44.18880359679711,2014-08-12 18:45:00,2014-08-12 18:50:00,0.0833333333333333,138164.11,79353.76,-42.56557654516792,4.100159761485512,0.7922319473240456,-42.56557654516791,0.3879119274200445,0.994508975055119,0.5601831897511822,0.5743442345483208,0.9753439767558992,0.5735953781917769,3.30368,0.0,0.4278837591848664,5.0,0.0,0.8609183463370883,7.585557950551138,0.0003632400504127,1.0,1.0,1.0,1,49.946788866928166,0.4,4.5,0.24,0.026,2.33,ms1,True
SMF_20140812_110_cc539p210999_ms1on,channelconductivity_mmhr,539.210999188892,synth,interpolate,2014-08-12 16:00,2014-08-13 12:00,66.0736,31.528066666666668,-34.54553333333333,-52.28341324422059,2014-08-12 18:45:00,2014-08-12 18:50:00,0.0833333333333333,138164.11,54446.31,-60.593015074609454,5.37531619226902,0.6429037885666803,-60.593015074609454,0.1759186795523161,0.966446983308713,0.442476125893673,0.3940698492539053,1.1228367933538066,0.3808344080024177,3.30368,10.0,0.5995310421863778,-5.0,-20.0,0.9751497143392454,7.967694466968261,0.0010692327149884,1.0,1.0,1.0,1,539.210999188892,0.4,4.5,0.24,0.026,2.33,ms1,True
SMF_20140812_110_cc239p431373_ms1on,channelconductivity_mmhr,239.43137280824016,synth,interpolate,2014-08-12 16:00,2014-08-13 12:00,66.0736,43.9414,-22.1322,-33.49628293297171,2014-08-12 18:45:00,2014-08-12 18:45:00,0.0,138164.11,88101.79000000001,-36.23395395519139,3.1255366450761946,0.8792668863120728,-36.2339539551914,0.5048592886281937,0.9992953253870288,0.6625479507118452,0.6376604604480861,1.0390293766156844,0.6355638180311785,3.30368,0.0,0.6474075480739819,0.0,-10.0,0.9116856220889212,6.076405701531406,0.000656508918964,1.0,1.0,1.0,1,239.43137280824016,0.4,4.5,0.24,0.026,2.33,ms1,True
SMF_20140812_110_cc176p797001_ms1on,channelconductivity_mmhr,176.79700068604976,synth,interpolate,2014-08-12 16:00,2014-08-13 12:00,66.0736,49.8985,-16.1751,-24.48042788647811,2014-08-12 18:45:00,2014-08-12 18:45:00,0.0,138164.11,102407.65,-25.879702044184988,2.4260465605279924,0.9272596353168594,-25.879702044184995,0.6454341936511112,0.9927221334343032,0.7577438423888666,0.7412029795581501,1.0223162389883766,0.7401406540955017,3.30368,-5.0,0.5938490283243949,5.0,-5.0,0.9717382754057062,5.2826124083253,0.0003047716224129,1.0,1.0,1.0,1,176.79700068604976,0.4,4.5,0.24,0.026,2.33,ms1,True
SMF_20140812_110_cc77p420181_ms1on,channelconductivity_mmhr,77.42018116342685,synth,interpolate,2014-08-12 16:00,2014-08-13 12:00,66.0736,44.7462,-21.3274,-32.278247287872915,2014-08-12 18:45:00,2014-08-12 18:45:00,0.0,138164.11,94054.21,-31.925729482135413,2.934598101826533,0.8935674480272118,-31.92572948213541,0.5498452378530354,0.9991804129906212,0.6826462260125534,0.6807427051786459,1.002796241251543,0.6807294078925342,3.30368,0.0,0.6602289759171271,0.0,-5.0,0.9086711411762692,6.299813857948322,0.0008914186995236,1.0,1.0,1.0,1,77.42018116342685,0.4,4.5,0.24,0.026,2.33,ms1,True
SMF_20140812_110_cc113p45738_ms1on,channelconductivity_mmhr,113.4573800258954,synth,interpolate,2014-08-12 16:00,2014-08-13 12:00,66.0736,40.29173333333333,-25.781866666666662,-39.019921219165695,2014-08-12 18:45:00,2014-08-12 18:50:00,0.0833333333333333,138164.11,83756.56,-39.37893133028541,3.603801930357124,0.8394911297030405,-39.37893133028542,0.4468681899646521,0.9978497924037092,0.6115670551964734,0.606210686697146,1.008835819982836,0.6061057015149754,3.30368,0.0,0.4714111897333414,5.0,-5.0,0.931060256771749,7.036567302063213,0.0011630751710127,1.0,1.0,1.0,1,113.4573800258954,0.4,4.5,0.24,0.026,2.33,ms1,True
SMF_20140812_110_cc376p559035_ms1on,channelconductivity_mmhr,376.5590350864651,synth,interpolate,2014-08-12 16:00,2014-08-13 12:00,66.0736,32.502833333333335,-33.570766666666664,-50.80813920637996,2014-08-12 18:45:00,2014-08-12 18:50:00,0.0833333333333333,138164.11,60302.630000000005,-56.35434556774548,5.052535967672953,0.6845024154859041,-56.35434556774548,0.2258023569292977,0.978907936516602,0.4695700904385619,0.4364565443225451,1.0758690562594604,0.4309813577073451,3.30368,5.0,0.4651774820381057,0.0,-10.0,0.960604348575737,7.938813596686022,0.000782911120558,1.0,1.0,1.0,1,376.5590350864651,0.4,4.5,0.24,0.026,2.33,ms1,True
SMF_20140812_110_cc57p450886_ms1on,channelconductivity_mmhr,57.450886188608365,synth,interpolate,2014-08-12 16:00,2014-08-13 12:00,66.0736,41.3503,-24.7233,-37.41781891708641,2014-08-12 18:45:00,2014-08-12 18:50:00,0.0833333333333333,138164.11,88257.76,-36.12106646219485,3.398450690934576,0.857262148006597,-36.12106646219485,0.4850437153085877,0.9983054033132318,0.6329796201181433,0.6387893353780515,0.9909051154455016,0.6386708801942194,3.30368,0.0,0.484902577540325,5.0,-5.0,0.921154941569416,6.877628933110903,0.0009869503491096,1.0,1.0,1.0,1,57.450886188608365,0.4,4.5,0.24,0.026,2.33,ms1,True
SMF_20140812_110_cc995p158814_ms1on,channelconductivity_mmhr,995.1588141858924,synth,interpolate,2014-08-12 16:00,2014-08-13 12:00,66.0736,28.7693,-37.3043,-56.45870665439752,2014-08-12 18:45:00,2014-08-12 18:50:00,0.0833333333333333,138164.11,43546.48,-68.48206093463779,5.961040289581263,0.5608414674204014,-68.4820609346378,0.0769448286436984,0.9512890120829934,0.3830082479982281,0.315179390653622,1.215207146647317,0.2805098031957106,3.30368,10.0,0.5409304329207366,-5.0,-25.0,1.145706542395708,7.492932483770817,0.0010576307159569,1.0,1.0,1.0,1,995.1588141858924,0.4,4.5,0.24,0.026,2.33,ms1,True
SMF_20140812_110_cc324p251588_ms1on,channelconductivity_mmhr,324.25158804798497,synth,interpolate,2014-08-12 16:00,2014-08-13 12:00,66.0736,54.0039,-12.069699999999996,-18.2670537098024,2014-08-12 18:45:00,2014-08-12 18:45:00,0.0,138164.11,107105.46,-22.47953538730137,2.221278318608072,0.939020597300238,-22.47953538730137,0.70506488493436,0.9861427460936806,0.8095748244321025,0.7752046461269863,1.044336909584887,0.7704553721816689,3.30368,-5.0,0.6461721792858746,5.0,-5.0,1.1018573687233666,4.834989346189093,0.0007763724911836,1.0,1.0,1.0,1,324.25158804798497,0.4,4.5,0.24,0.026,2.33,ms1,True
SMF_20140812_110_cc630p670573_ms1on,channelconductivity_mmhr,630.6705733157465,synth,interpolate,2014-08-12 16:00,2014-08-13 12:00,66.0736,33.76643333333333,-32.30716666666667,-48.895726381893326,2014-08-12 18:45:00,2014-08-12 18:50:00,0.0833333333333333,138164.11,58043.87,-57.9891840218129,4.989589840911333,0.6923145890028815,-57.98918402181289,0.2178773276565206,0.9817011818357546,0.4754940596180732,0.420108159781871,1.1318372389266604,0.4050290337625023,3.30368,5.0,0.4853081433484913,0.0,-15.0,1.1077158558403253,7.09572214364248,0.000582996489956,1.0,1.0,1.0,1,630.6705733157465,0.4,4.5,0.24,0.026,2.33,ms1,True
SMF_20140812_110_cc72p108718_ms1on,channelconductivity_mmhr,72.10871768427036,synth,interpolate,2014-08-12 16:00,2014-08-13 12:00,66.0736,54.2425,-11.8311,-17.90594125339016,2014-08-12 18:45:00,2014-08-12 18:45:00,0.0,138164.11,114468.15,-17.150589975935123,2.0845676014347894,0.9462956854104752,-17.15058997593514,0.7578849351341406,0.9859165386402312,0.8296853291731372,0.8284941002406488,1.001437824279186,0.8279108229004667,3.30368,-5.0,0.6492131262872407,5.0,0.0,1.0367513397157542,5.013179790653313,0.0003726854145289,1.0,1.0,1.0,1,72.10871768427036,0.4,4.5,0.24,0.026,2.33,ms1,True
SMF_20140812_110_cc48p168198_ms1on,channelconductivity_mmhr,48.1681984223983,synth,interpolate,2014-08-12 16:00,2014-08-13 12:00,66.0736,39.45506666666667,-26.61853333333333,-40.28618590985406,2014-08-12 18:45:00,2014-08-12 18:50:00,0.0833333333333333,138164.11,84611.98000000001,-38.7597980401712,3.683864970365328,0.832280091419207,-38.75979804017122,0.4447702051152101,0.9975953559592278,0.6024548473401329,0.612402019598288,0.98375712042119,0.612054375122672,3.30368,0.0,0.4607479081275448,5.0,0.0,0.9210252977379454,7.217949175212742,0.0007168097586543,1.0,1.0,1.0,1,48.1681984223983,0.4,4.5,0.24,0.026,2.33,ms1,True
SMF_20140812_110_cc545p032057_ms1on,channelconductivity_mmhr,545.0320569284175,synth,interpolate,2014-08-12 16:00,2014-08-13 12:00,66.0736,30.386566666666667,-35.68703333333333,-54.01103214193464,2014-08-12 18:45:00,2014-08-12 18:50:00,0.0833333333333333,138164.11,53216.34,-61.48323902640128,5.4394617947849255,0.6343302183682922,-61.48323902640128,0.160797874524509,0.973117102167983,0.4294575834445123,0.3851676097359871,1.1149888323654311,0.3739297244858438,3.30368,10.0,0.5752837594114435,-5.0,-20.0,0.9761894208411916,7.794736789594133,0.0004386286808994,1.0,1.0,1.0,1,545.0320569284175,0.4,4.5,0.24,0.026,2.33,ms1,True
SMF_20140812_110_cc454p325311_ms1on,channelconductivity_mmhr,454.325310669478,synth,interpolate,2014-08-12 16:00,2014-08-13 12:00,66.0736,40.4351,-25.6385,-38.80294096280512,2014-08-12 18:45:00,2014-08-12 18:45:00,0.0,138164.11,75902.55,-45.06348283935676,3.779529555580032,0.8234561055607832,-45.06348283935676,0.3933175808326117,0.9979867686293096,0.5938131512900219,0.5493651716064325,1.080907895113948,0.5421551691308271,3.30368,0.0,0.5915479898652093,0.0,-10.0,0.9650523275351612,6.308940206702153,0.0007699088474643,1.0,1.0,1.0,1,454.325310669478,0.4,4.5,0.24,0.026,2.33,ms1,True
SMF_20140812_110_cc33p533897_ms1on,channelconductivity_mmhr,33.53389698779133,synth,interpolate,2014-08-12 16:00,2014-08-13 12:00,66.0736,43.7902,-22.2834,-33.72511865555986,2014-08-12 18:45:00,2014-08-12 18:45:00,0.0,138164.11,93892.12,-32.043046490148555,3.056082931728401,0.8845729805122589,-32.04304649014856,0.5390603630073132,0.9992493233182672,0.66865561329866,0.6795695350985144,0.9839399483994344,0.6791664425128263,3.30368,0.0,0.6449987509941066,0.0,-5.0,0.8623634066353348,6.469082556452516,0.0007121425355435,1.0,1.0,1.0,1,33.53389698779133,0.4,4.5,0.24,0.026,2.33,ms1,True
SMF_20140812_110_cc652p223936_ms1on,channelconductivity_mmhr,652.2239359591628,synth,interpolate,2014-08-12 16:00,2014-08-13 12:00,66.0736,43.4786,-22.595,-34.19671396745447,2014-08-12 18:45:00,2014-08-12 18:45:00,0.0,138164.11,77920.16,-43.603183200036526,3.528081512974147,0.8461652564039706,-43.60318320003655,0.4249738929001369,0.9962112429656726,0.6251441468391307,0.5639681679996347,1.108474169839202,0.550661865940844,3.30368,0.0,0.6400345898162687,0.0,-15.0,0.9919465593983036,5.676354572463108,0.0006446431079218,1.0,1.0,1.0,1,652.2239359591628,0.4,4.5,0.24,0.026,2.33,ms1,True
SMF_20140812_110_cc255p166637_ms1on,channelconductivity_mmhr,255.16663728011628,synth,interpolate,2014-08-12 16:00,2014-08-13 12:00,66.0736,57.7746,-8.299,-12.5602358581945,2014-08-12 18:45:00,2014-08-12 18:45:00,0.0,138164.11,117870.61,-14.687967808716753,2.028234937750291,0.949159041477453,-14.687967808716753,0.8080708051852864,0.9800692540137976,0.8780740333166563,0.8531203219128325,1.029249932000065,0.8489158082638528,3.30368,-5.0,0.6942295927730989,5.0,-5.0,1.0892708486120013,4.511286859041441,0.0013221377865977,1.0,1.0,1.0,1,255.16663728011628,0.4,4.5,0.24,0.026,2.33,ms1,True
SMF_20140812_110_cc194p38561_ms1on,channelconductivity_mmhr,194.3856104268159,synth,interpolate,2014-08-12 16:00,2014-08-13 12:00,66.0736,54.8453,-11.228299999999996,-16.99362529058504,2014-08-12 18:45:00,2014-08-12 18:45:00,0.0,138164.11,111480.46,-19.313011172004064,2.0416083117604,0.9484863810418922,-19.31301117200408,0.7412092196863587,0.9877398883668956,0.8281770749140507,0.8068698882799593,1.026407215021387,0.8046877080277912,3.30368,-5.0,0.6568957870266523,5.0,-5.0,1.0307882159972928,4.948361114773656,0.0010168254968425,1.0,1.0,1.0,1,194.3856104268159,0.4,4.5,0.24,0.026,2.33,ms1,True
SMF_20140812_110_cc581p977214_ms1on,channelconductivity_mmhr,581.9772142640792,synth,interpolate,2014-08-12 16:00,2014-08-13 12:00,66.0736,37.833733333333335,-28.239866666666664,-42.74001517499677,2014-08-12 18:45:00,2014-08-12 18:50:00,0.0833333333333333,138164.11,69044.75,-50.02700049962323,4.190106936656605,0.7830161430697212,-50.02700049962324,0.3288518233307158,0.9949840639506524,0.5526247240480056,0.4997299950037676,1.1058466163189569,0.4886305213453251,3.30368,5.0,0.5501051034210866,0.0,-15.0,1.1559151764289852,6.433473808287297,0.0007058774798638,1.0,1.0,1.0,1,581.9772142640792,0.4,4.5,0.24,0.026,2.33,ms1,True
SMF_20140812_110_cc262p779344_ms1on,channelconductivity_mmhr,262.77934414608063,synth,interpolate,2014-08-12 16:00,2014-08-13 12:00,66.0736,55.0549,-11.018699999999995,-16.676403283610995,2014-08-12 18:45:00,2014-08-12 18:45:00,0.0,138164.11,110667.55,-19.901376703400025,2.1412899393951994,0.9433332684437464,-19.901376703400032,0.7370473627556542,0.9845687737250008,0.828829070165688,0.8009862329659998,1.0347606938219,0.7973848276944853,3.30368,-5.0,0.6595671302432758,5.0,-5.0,1.0805466679371445,4.78629510582053,0.0006685939001491,1.0,1.0,1.0,1,262.77934414608063,0.4,4.5,0.24,0.026,2.33,ms1,True
SMF_20140812_110_cc368p874088_ms1on,channelconductivity_mmhr,368.87408811855306,synth,interpolate,2014-08-12 16:00,2014-08-13 12:00,66.0736,38.07363333333333,-27.999966666666666,-42.37693521567867,2014-08-12 18:45:00,2014-08-12 18:50:00,0.0833333333333333,138164.11,73375.73999999999,-46.89232970848942,4.04883265988142,0.7974012012417305,-46.89232970848942,0.3603503522849657,0.9969722400708604,0.5649673047427228,0.5310767029151058,1.0638148908464444,0.5267447135288397,3.30368,5.0,0.5539269977296981,0.0,-15.0,0.9986182106109144,6.664734125462782,0.0005325710700065,1.0,1.0,1.0,1,368.87408811855306,0.4,4.5,0.24,0.026,2.33,ms1,True
SMF_20140812_110_cc132p959878_ms1on,channelconductivity_mmhr,132.9598776351401,synth,interpolate,2014-08-12 16:00,2014-08-13 12:00,66.0736,50.6699,-15.4037,-23.31294193142193,2014-08-12 18:45:00,2014-08-12 18:45:00,0.0,138164.11,104164.9,-24.607844975080702,2.283005234469073,0.9355844045944344,-24.607844975080724,0.6623081623017026,0.9946474644879852,0.7688019805883162,0.7539215502491929,1.0197373723223655,0.7530732559353694,3.30368,-5.0,0.6036804889985522,5.0,0.0,1.0288731536149496,5.412409693219518,0.0008855957480123,1.0,1.0,1.0,1,132.9598776351401,0.4,4.5,0.24,0.026,2.33,ms1,True
SMF_20140812_110_cc48p65349_ms1on,channelconductivity_mmhr,48.65349013912988,synth,interpolate,2014-08-12 16:00,2014-08-13 12:00,66.0736,35.88493333333333,-30.18866666666667,-45.68945337724397,2014-08-12 18:45:00,2014-08-12 18:50:00,0.0833333333333333,138164.11,77729.37000000001,-43.74127260690203,4.278397101724676,0.7737756267436096,-43.74127260690205,0.3681232344937281,0.9910576914483638,0.5440851077478345,0.5625872739309797,0.967112362755978,0.5612615192476744,3.30368,0.0,0.415246708402156,5.0,0.0,0.8320596814594112,7.730041850661377,0.000408956729081,1.0,1.0,1.0,1,48.65349013912988,0.4,4.5,0.24,0.026,2.33,ms1,True
SMF_20140812_110_cc137p064027_ms1on,channelconductivity_mmhr,137.06402733640002,synth,interpolate,2014-08-12 16:00,2014-08-13 12:00,66.0736,36.362966666666665,-29.71063333333333,-44.96596724460804,2014-08-12 18:45:00,2014-08-12 18:50:00,0.0833333333333333,138164.11,73590.3,-46.7370361232016,4.345490910825532,0.7666246927741756,-46.737036123201605,0.3447218038991653,0.9882591455978422,0.5408522982035886,0.5326296387679841,1.015437855570006,0.5322273740321715,3.30368,5.0,0.526674029004126,0.0,-10.0,0.8646877726949561,7.897424215385421,0.0011471286063458,1.0,1.0,1.0,1,137.06402733640002,0.4,4.5,0.24,0.026,2.33,ms1,True
SMF_20140812_110_cc118p392461_ms1on,channelconductivity_mmhr,118.3924606669014,synth,interpolate,2014-08-12 16:00,2014-08-13 12:00,66.0736,41.3281,-24.7455,-37.45141781286323,2014-08-12 18:45:00,2014-08-12 18:50:00,0.0833333333333333,138164.11,85394.32,-38.19355837054933,3.464477520093578,0.8516619019569366,-38.19355837054935,0.4656558385060628,0.998316866624568,0.626307533011109,0.6180644162945066,1.0133369864034925,0.6178279206368649,3.30368,0.0,0.4846196394706254,5.0,-5.0,0.9565939310569216,6.86127517274159,0.0011237949122171,1.0,1.0,1.0,1,118.3924606669014,0.4,4.5,0.24,0.026,2.33,ms1,True
SMF_20140812_110_cc292p883909_ms1on,channelconductivity_mmhr,292.88390940024715,synth,interpolate,2014-08-12 16:00,2014-08-13 12:00,66.0736,35.0993,-30.9743,-46.87848096667958,2014-08-12 18:45:00,2014-08-12 18:50:00,0.0833333333333333,138164.11,67900.11,-50.8554645631199,4.517762863941474,0.7477541247646491,-50.8554645631199,0.2991352229465162,0.99222650630944,0.5177934250583074,0.491445354368801,1.053613429153984,0.4885680352354961,3.30368,5.0,0.5065423056138991,0.0,-10.0,0.9683041216871672,7.475203237529078,0.0005602643014227,1.0,1.0,1.0,1,292.88390940024715,0.4,4.5,0.24,0.026,2.33,ms1,True
SMF_20140812_110_cc88p934247_ms1on,channelconductivity_mmhr,88.93424658300346,synth,interpolate,2014-08-12 16:00,2014-08-13 12:00,66.0736,48.0705,-18.003099999999996,-27.247039664858576,2014-08-12 18:45:00,2014-08-12 18:45:00,0.0,138164.11,99742.31,-27.808813736070803,2.539793655026971,0.920278753843928,-27.80881373607082,0.6124376777955018,0.9976955609898036,0.730062542405387,0.7219118626392919,1.0112904084112104,0.7216732210117185,3.30368,0.0,0.7131890561593834,0.0,-5.0,0.9689387751852953,5.814721218164567,0.0006804750443751,1.0,1.0,1.0,1,88.93424658300346,0.4,4.5,0.24,0.026,2.33,ms1,True
SMF_20140812_110_cc156p744491_ms1on,channelconductivity_mmhr,156.74449075193814,synth,interpolate,2014-08-12 16:00,2014-08-13 12:00,66.0736,35.44166666666667,-30.63193333333333,-46.3603214193465,2014-08-12 18:45:00,2014-08-12 18:50:00,0.0833333333333333,138164.11,71452.24,-48.28451469777498,4.472856748882218,0.7527438004547489,-48.28451469777498,0.3232591174605659,0.9885677989686668,0.5259661500273778,0.5171548530222502,1.017038024401462,0.5167191029474778,3.30368,5.0,0.5119966166384579,0.0,-10.0,0.8583249897868162,7.796195867582716,0.0006708106919174,1.0,1.0,1.0,1,156.74449075193814,0.4,4.5,0.24,0.026,2.33,ms1,True
SMF_20140812_110_cc81p712808_ms1on,channelconductivity_mmhr,81.71280783476271,synth,interpolate,2014-08-12 16:00,2014-08-13 12:00,66.0736,41.5389,-24.5347,-37.13237964936072,2014-08-12 18:45:00,2014-08-12 18:50:00,0.0833333333333333,138164.11,87971.6,-36.328182478069,3.3505615635135584,0.8612565737457962,-36.32818247806901,0.4866862735893705,0.9990030592587666,0.6373482336803846,0.63671817521931,1.0009895405622082,0.6367154595948876,3.30368,0.0,0.4873062766369624,5.0,-5.0,0.9483945041215032,6.747416729558226,0.00085676836002,1.0,1.0,1.0,1,81.71280783476271,0.4,4.5,0.24,0.026,2.33,ms1,True
SMF_20140812_110_cc392p841124_ms1on,channelconductivity_mmhr,392.84112369784174,synth,interpolate,2014-08-12 16:00,2014-08-13 12:00,66.0736,37.86786666666666,-28.20573333333333,-42.68835561152009,2014-08-12 18:45:00,2014-08-12 18:50:00,0.0833333333333333,138164.11,70906.85,-48.67925541589635,4.1922649339461655,0.7827925825917238,-48.67925541589636,0.3397932610648088,0.9930926608130084,0.5540647625313871,0.5132074458410365,1.079611698975634,0.506692058919544,3.30368,5.0,0.5506488882997886,0.0,-15.0,1.0044992244361433,7.161733351088969,0.0013920189095936,1.0,1.0,1.0,1,392.84112369784174,0.4,4.5,0.24,0.026,2.33,ms1,True
SMF_20140812_110_cc440p735473_ms1on,channelconductivity_mmhr,440.7354727231424,synth,interpolate,2014-08-12 16:00,2014-08-13 12:00,66.0736,36.95976666666667,-29.11383333333333,-44.062732064445306,2014-08-12 18:45:00,2014-08-12 18:50:00,0.0833333333333333,138164.11,68244.8,-50.60598588157228,4.351578907411353,0.765970320985619,-50.60598588157229,0.3144815930077849,0.9919111102418524,0.5376435622995658,0.4939401411842772,1.0884791849686577,0.4861998666652307,3.30368,5.0,0.536181767742681,0.0,-15.0,1.0183814119056631,7.012066157570778,0.0009069807000061,1.0,1.0,1.0,1,440.7354727231424,0.4,4.5,0.24,0.026,2.33,ms1,True
SMF_20140812_110_cc183p019534_ms1on,channelconductivity_mmhr,183.0195338187516,synth,interpolate,2014-08-12 16:00,2014-08-13 12:00,66.0736,48.5066,-17.567,-26.587018113134448,2014-08-12 18:45:00,2014-08-12 18:45:00,0.0,138164.11,98134.63,-28.972415484744907,2.5605236655288928,0.9189720597445156,-28.97241548474492,0.604990823916753,0.996473267654711,0.7315233242032716,0.7102758451525508,1.0299144046580344,0.7087142376477205,3.30368,0.0,0.72013665144069,0.0,-10.0,0.9472233459460558,5.562445461485161,0.0004921921952824,1.0,1.0,1.0,1,183.0195338187516,0.4,4.5,0.24,0.026,2.33,ms1,True
SMF_20140812_110_cc213p280657_ms1on,channelconductivity_mmhr,213.2806568014299,synth,interpolate,2014-08-12 16:00,2014-08-13 12:00,66.0736,55.9139,-10.1597,-15.37633790197598,2014-08-12 18:45:00,2014-08-12 18:45:00,0.0,138164.11,113681.33,-17.720072166353468,2.0130916223377,0.949915390280908,-17.720072166353475,0.7640157215648518,0.9854463830460298,0.8448333923035075,0.8227992783364654,1.026779452227511,0.8201972119623115,3.30368,-5.0,0.6705150492465181,5.0,-5.0,1.0509574140313165,4.802722112876245,0.0010779891054672,1.0,1.0,1.0,1,213.2806568014299,0.4,4.5,0.24,0.026,2.33,ms1,True
SMF_20140812_110_cc840p72575_ms1on,channelconductivity_mmhr,840.7257504313634,synth,interpolate,2014-08-12 16:00,2014-08-13 12:00,66.0736,36.408,-29.6656,-44.89781092599768,2014-08-12 18:45:00,2014-08-12 18:45:00,0.0,138164.11,62894.33,-54.47853281145153,4.522212217780848,0.7472570274819728,-54.47853281145154,0.2740857880712486,0.9910952065770636,0.5203323087747156,0.4552146718854846,1.143048194425535,0.4366767047217459,3.30368,5.0,0.7031886185824888,-5.0,-20.0,0.9972437589853492,6.121701132403264,0.0004869760834422,1.0,1.0,1.0,1,840.7257504313634,0.4,4.5,0.24,0.026,2.33,ms1,True
SMF_20140812_110_cc617p816632_ms1on,channelconductivity_mmhr,617.8166321658497,synth,interpolate,2014-08-12 16:00,2014-08-13 12:00,66.0736,38.9828,-27.0908,-41.00094440139481,2014-08-12 18:45:00,2014-08-12 18:45:00,0.0,138164.11,70925.03,-48.66609715069999,4.047273617536274,0.7975571964731303,-48.6660971507,0.3484929483121601,0.9963443823709682,0.5668612535565595,0.5133390284930002,1.10426291805765,0.5022821875698211,3.30368,5.0,0.7578814820856868,-5.0,-15.0,1.0469225208692805,6.189575624976347,0.0007552122343722,1.0,1.0,1.0,1,617.8166321658497,0.4,4.5,0.24,0.026,2.33,ms1,True
SMF_20140812_110_cc669p426358_ms1on,channelconductivity_mmhr,669.426357647488,synth,interpolate,2014-08-12 16:00,2014-08-13 12:00,66.0736,44.0273,-22.0463,-33.36627639480822,2014-08-12 18:45:00,2014-08-12 18:45:00,0.0,138164.11,79364.51,-42.55779594281033,3.4391974900337035,0.8538188274117142,-42.55779594281034,0.4399757250168687,0.9956642650547376,0.6360057824334597,0.5744220405718967,1.1072099214721114,0.5611043798229923,3.30368,0.0,0.6487760379493872,0.0,-15.0,1.0218172726015515,5.492116093420783,0.0005254361794996,1.0,1.0,1.0,1,669.426357647488,0.4,4.5,0.24,0.026,2.33,ms1,True
SMF_20140812_110_cc799p062286_ms1on,channelconductivity_mmhr,799.0622856048489,synth,interpolate,2014-08-12 16:00,2014-08-13 12:00,66.0736,40.2069,-25.8667,-39.14831339597056,2014-08-12 18:45:00,2014-08-12 18:45:00,0.0,138164.11,69941.75,-49.37777256336685,4.021026481394473,0.8001744221849152,-49.37777256336685,0.3477573396781674,0.99367706472833,0.5738966485683393,0.5062222743663315,1.1336850976909696,0.4884062869942085,3.30368,5.0,0.7838833207583079,-5.0,-20.0,1.0334186691507146,5.78568521344424,0.0005184033531377,1.0,1.0,1.0,1,799.0622856048489,0.4,4.5,0.24,0.026,2.33,ms1,True
SMF_20140812_110_cc43p7086_ms1on,channelconductivity_mmhr,43.70859991593639,synth,interpolate,2014-08-12 16:00,2014-08-13 12:00,66.0736,49.7566,-16.317,-24.69518839597056,2014-08-12 18:45:00,2014-08-12 18:45:00,0.0,138164.11,106160.55000000002,-23.163439477878857,2.3187933051453924,0.933549035858918,-23.16343947787888,0.6688202455957446,0.9947393650114182,0.7633613247961271,0.7683656052212113,0.99348711031431,0.7682143558002852,3.30368,-5.0,0.5920405187707742,5.0,0.0,0.96124489495699,5.523962693145284,0.0003394342067543,1.0,1.0,1.0,1,43.70859991593639,0.4,4.5,0.24,0.026,2.33,ms1,True
SMF_20140812_110_cc616p065715_ms1on,channelconductivity_mmhr,616.065714519763,synth,interpolate,2014-08-12 16:00,2014-08-13 12:00,66.0736,37.55113333333333,-28.522466666666663,-43.16772003745319,2014-08-12 18:45:00,2014-08-12 18:50:00,0.0833333333333333,138164.11,67869.92,-50.87731538964786,4.256675771967828,0.7760668681719147,-50.87731538964786,0.3180557681696339,0.9944282168507794,0.5459440910708504,0.4912268461035214,1.1113889548206777,0.4791462142315995,3.30368,5.0,0.545602946974177,0.0,-15.0,1.1747971453391934,6.368174626612621,0.0005715795346527,1.0,1.0,1.0,1,616.065714519763,0.4,4.5,0.24,0.026,2.33,ms1,True
SMF_20140812_110_cc525p181829_ms1on,channelconductivity_mmhr,525.181829231805,synth,interpolate,2014-08-12 16:00,2014-08-13 12:00,66.0736,38.60236666666667,-27.47123333333333,-41.576716469714576,2014-08-12 18:45:00,2014-08-12 18:50:00,0.0833333333333333,138164.11,71147.66,-48.50496268531675,4.069896079795719,0.7952877407782836,-48.50496268531677,0.3482680669109363,0.9959013845625192,0.5647247153247656,0.5149503731468325,1.09665852240045,0.5053963110615332,3.30368,5.0,0.5623503529503728,0.0,-15.0,1.1242605772416003,6.46278418425077,0.00080319731661,1.0,1.0,1.0,1,525.181829231805,0.4,4.5,0.24,0.026,2.33,ms1,True
SMF_20140812_110_cc107p236726_ms1on,channelconductivity_mmhr,107.23672617576877,synth,interpolate,2014-08-12 16:00,2014-08-13 12:00,66.0736,44.2467,-21.8269,-33.034222442851615,2014-08-12 18:45:00,2014-08-12 18:45:00,0.0,138164.11,92079.67,-33.35485604763784,3.03219446517579,0.8863704433289936,-33.354856047637846,0.532397173559821,0.9990990525892758,0.6722852621673187,0.6664514395236216,1.0087535599711015,0.6663353798883244,3.30368,0.0,0.6522713427068252,0.0,-5.0,0.9135016660380968,6.137795200768863,0.0003015935707472,1.0,1.0,1.0,1,107.23672617576877,0.4,4.5,0.24,0.026,2.33,ms1,True
SMF_20140812_110_cc852p67476_ms1on,channelconductivity_mmhr,852.6747600870663,synth,interpolate,2014-08-12 16:00,2014-08-13 12:00,66.0736,30.31873333333333,-35.75486666666667,-54.11369543458608,2014-08-12 18:45:00,2014-08-12 18:50:00,0.0833333333333333,138164.11,48476.85,-64.91357270712342,5.609571324270215,0.6111012389260342,-64.91357270712342,0.1255188344711765,0.9666856515651896,0.414995494980839,0.3508642729287656,1.1827807132278003,0.3247994171359155,3.30368,10.0,0.5738428710935287,-5.0,-25.0,1.092538143943781,7.152612763495594,0.0003522980713475,1.0,1.0,1.0,1,852.6747600870663,0.4,4.5,0.24,0.026,2.33,ms1,True
SMF_20140812_110_cc293p785521_ms1on,channelconductivity_mmhr,293.78552100605145,synth,interpolate,2014-08-12 16:00,2014-08-13 12:00,66.0736,42.6233,-23.4503,-35.49117953312669,2014-08-12 18:45:00,2014-08-12 18:45:00,0.0,138164.11,83168.39999999998,-39.80462798913554,3.37944732029856,0.8588540007100227,-39.80462798913553,0.4599850943094554,0.99935416477327,0.6350687183462065,0.6019537201086446,1.0550125319128938,0.5981696418811111,3.30368,0.0,0.6264086364934032,0.0,-10.0,0.9108236319219628,6.398321147457829,0.0012178838135723,1.0,1.0,1.0,1,293.78552100605145,0.4,4.5,0.24,0.026,2.33,ms1,True
SMF_20140812_110_cc74p199294_ms1on,channelconductivity_mmhr,74.19929360897828,synth,interpolate,2014-08-12 16:00,2014-08-13 12:00,66.0736,52.2966,-13.777,-20.85099041069353,2014-08-12 18:45:00,2014-08-12 18:45:00,0.0,138164.11,109087.78,-21.04477783702293,2.1395593861268463,0.943424825564122,-21.04477783702294,0.7054854807374531,0.9923280863981614,0.7941076097152451,0.7895522216297706,1.0057695842791392,0.7893334061080557,3.30368,-5.0,0.6244127123310018,5.0,0.0,1.0055713856662625,5.384747543192778,0.0009389799670934,1.0,1.0,1.0,1,74.19929360897828,0.4,4.5,0.24,0.026,2.33,ms1,True
SMF_20140812_110_cc807p221053_ms1on,channelconductivity_mmhr,807.2210534654793,synth,interpolate,2014-08-12 16:00,2014-08-13 12:00,66.0736,47.3427,-18.7309,-28.348538599380085,2014-08-12 18:45:00,2014-08-12 18:45:00,0.0,138164.11,84902.52999999998,-38.5495046434273,3.1314079764603,0.8788128651298461,-38.5495046434273,0.5007358669078821,0.989803846349169,0.6828970479204105,0.6145049535657271,1.11129624579563,0.5986307850584017,3.30368,0.0,0.7015943305328413,0.0,-15.0,1.1517161837040717,4.89438880491773,0.0003296114314305,1.0,1.0,1.0,1,807.2210534654793,0.4,4.5,0.24,0.026,2.33,ms1,True
SMF_20140812_110_cc51p623355_ms1on,channelconductivity_mmhr,51.62335461269753,synth,interpolate,2014-08-12 16:00,2014-08-13 12:00,66.0736,39.55803333333333,-26.515566666666665,-40.13034958995221,2014-08-12 18:45:00,2014-08-12 18:50:00,0.0833333333333333,138164.11,83862.90000000001,-39.301964887987175,3.7111663798769023,0.8297849090119456,-39.30196488798719,0.4395691869090962,0.9969736294741276,0.6004889326470242,0.6069803511201282,0.9893053894395022,0.606823222940039,3.30368,0.0,0.4620602139793497,5.0,0.0,0.9246023583815468,7.367074332376346,0.0009622778590331,1.0,1.0,1.0,1,51.62335461269753,0.4,4.5,0.24,0.026,2.33,ms1,True
SMF_20140812_110_cc513p580068_ms1on,channelconductivity_mmhr,513.5800679063245,synth,interpolate,2014-08-12 16:00,2014-08-13 12:00,66.0736,50.082,-15.991599999999998,-24.20270728399845,2014-08-12 18:45:00,2014-08-12 18:45:00,0.0,138164.11,95440.94000000002,-30.92204625354585,2.649847399928753,0.9132201410846592,-30.922046253545872,0.5963307927249126,0.9897136206077356,0.7407207589288087,0.6907795374645415,1.0722969033616327,0.6822737872203085,3.30368,0.0,0.7452346601684374,0.0,-15.0,1.034273489863186,4.966192850264665,0.0005124293945925,1.0,1.0,1.0,1,513.5800679063245,0.4,4.5,0.24,0.026,2.33,ms1,True
SMF_20140812_110_cc644p106907_ms1on,channelconductivity_mmhr,644.1069065137254,synth,interpolate,2014-08-12 16:00,2014-08-13 12:00,66.0736,32.90676666666667,-33.16683333333333,-50.1968007393775,2014-08-12 18:45:00,2014-08-12 18:50:00,0.0833333333333333,138164.11,55429.36,-59.881506130644205,5.208188500254792,0.6647640390200991,-59.881506130644205,0.1921017404389543,0.9719466488634966,0.4583976277338319,0.401184938693558,1.1426092645117354,0.3837988392724304,3.30368,10.0,0.6288168317280352,-5.0,-20.0,1.0843998093216285,7.617976816006825,0.0013196694547025,1.0,1.0,1.0,1,644.1069065137254,0.4,4.5,0.24,0.026,2.33,ms1,True
SMF_20140812_110_cc885p220621_ms1on,channelconductivity_mmhr,885.2206210464695,synth,interpolate,2014-08-12 16:00,2014-08-13 12:00,66.0736,40.6342,-25.4394,-38.501610325455246,2014-08-12 18:45:00,2014-08-12 18:45:00,0.0,138164.11,69257.12000000001,-49.87329198588547,4.030240889721028,0.7992575497551481,-49.87329198588548,0.3458003991801137,0.9910231105257036,0.5767246666561752,0.5012670801411453,1.1505336965152044,0.4789668881135247,3.30368,5.0,0.7929598550813298,-5.0,-20.0,1.0544395599974656,5.8481731123521214,0.001355128559473,1.0,1.0,1.0,1,885.2206210464695,0.4,4.5,0.24,0.026,2.33,ms1,True
SMF_20140812_110_cc420p769867_ms1on,channelconductivity_mmhr,420.7698671417731,synth,interpolate,2014-08-12 16:00,2014-08-13 12:00,66.0736,36.74853333333333,-29.325066666666665,-44.38242606224977,2014-08-12 18:45:00,2014-08-12 18:50:00,0.0833333333333333,138164.11,68947.69,-50.0972502917002,4.33110020039107,0.7681678443158202,-50.09725029170021,0.3180478441711266,0.993992837048844,0.5373454764578642,0.4990274970829979,1.0767853066190725,0.493141520739534,3.30368,5.0,0.5328165677657919,0.0,-15.0,1.001922287709913,6.829959442590466,0.0005278666916048,1.0,1.0,1.0,1,420.7698671417731,0.4,4.5,0.24,0.026,2.33,ms1,True
SMF_20140812_110_cc101p991674_ms1on,channelconductivity_mmhr,101.9916742771409,synth,interpolate,2014-08-12 16:00,2014-08-13 12:00,66.0736,54.6877,-11.3859,-17.232147181325068,2014-08-12 18:45:00,2014-08-12 18:45:00,0.0,138164.11,114258.4,-17.30240219402853,2.063264560522513,0.9473877290334508,-17.302402194028534,0.760164014942106,0.9856914827909984,0.8345332241941672,0.8269759780597147,1.0091384107095631,0.826145013349029,3.30368,-5.0,0.6548871816309467,5.0,0.0,1.05716196948215,4.986652537379675,0.000617592271973,1.0,1.0,1.0,1,101.9916742771409,0.4,4.5,0.24,0.026,2.33,ms1,True
SMF_20140812_110_cc31p154561_ms1on,channelconductivity_mmhr,31.154561012966308,synth,interpolate,2014-08-12 16:00,2014-08-13 12:00,66.0736,51.4384,-14.635199999999998,-22.149845021309567,2014-08-12 18:45:00,2014-08-12 18:45:00,0.0,138164.11,109967.21000000002,-20.40826666201517,2.1589590717539155,0.9423942242329104,-20.408266662015187,0.70571159526883,0.9931370285767946,0.7880829644231752,0.7959173333798483,0.9901568057031694,0.7955648668513338,3.30368,-5.0,0.6134749892942353,5.0,0.0,0.969727509811225,5.4706551044275376,0.0008120974359011,1.0,1.0,1.0,1,31.154561012966308,0.4,4.5,0.24,0.026,2.33,ms1,True
SMF_20140812_110_cc346p869441_ms1on,channelconductivity_mmhr,346.86944071544843,synth,interpolate,2014-08-12 16:00,2014-08-13 12:00,66.0736,40.0175,-26.0561,-39.43496343471523,2014-08-12 18:45:00,2014-08-12 18:45:00,0.0,138164.11,78086.62000000001,-43.48270328669289,3.722269828595117,0.8287648513534841,-43.4827032866929,0.4076347815406786,0.99926367495767,0.5977296166085126,0.5651729671330711,1.0576047535334012,0.5613732813472609,3.30368,0.0,0.5848951217398397,0.0,-10.0,0.9107531521816224,6.354190977754296,0.0003947068598693,1.0,1.0,1.0,1,346.86944071544843,0.4,4.5,0.24,0.026,2.33,ms1,True
SMF_20140812_110_cc270p195378_ms1on,channelconductivity_mmhr,270.1953781415147,synth,interpolate,2014-08-12 16:00,2014-08-13 12:00,66.0736,34.50956666666667,-31.564033333333327,-47.77102100284127,2014-08-12 18:45:00,2014-08-12 18:50:00,0.0833333333333333,138164.11,67163.35,-51.38871447874559,4.612469331260764,0.7370675465057523,-51.3887144787456,0.2889678620014748,0.99054759475644,0.5086779511114309,0.486112855212544,1.046419459302348,0.4839340044678253,3.30368,5.0,0.497147147338513,0.0,-10.0,0.9291665995729907,7.59458006158671,0.0004127518405635,1.0,1.0,1.0,1,270.1953781415147,0.4,4.5,0.24,0.026,2.33,ms1,True
SMF_20140812_110_cc388p794297_ms1on,channelconductivity_mmhr,388.7942971985534,synth,interpolate,2014-08-12 16:00,2014-08-13 12:00,66.0736,38.901633333333336,-27.171966666666663,-41.12378721102931,2014-08-12 18:45:00,2014-08-12 18:50:00,0.0833333333333333,138164.11,74165.37000000001,-46.32081370480364,3.9494683134515767,0.8072233279803508,-46.320813704803655,0.371697937747491,0.9974825981673984,0.5755057528172421,0.5367918629519635,1.0721208582640962,0.5312041662554484,3.30368,5.0,0.5671180293575862,0.0,-15.0,1.0414787486838246,6.548763767324723,0.0005578823770321,1.0,1.0,1.0,1,388.7942971985534,0.4,4.5,0.24,0.026,2.33,ms1,True
SMF_20140812_110_cc703p686504_ms1on,channelconductivity_mmhr,703.6865037771471,synth,interpolate,2014-08-12 16:00,2014-08-13 12:00,66.0736,32.43053333333334,-33.64306666666666,-50.91756263722071,2014-08-12 18:45:00,2014-08-12 18:50:00,0.0833333333333333,138164.11,54425.64,-60.60797554444493,5.223938201604826,0.6627334483472063,-60.607975544444926,0.182814700531148,0.977058088932672,0.4523387795133082,0.3939202445555507,1.1483004130028136,0.3756186952351714,3.30368,10.0,0.6187008752670777,-5.0,-25.0,1.0227168596985752,7.121333866950414,0.0005098795785256,1.0,1.0,1.0,1,703.6865037771471,0.4,4.5,0.24,0.026,2.33,ms1,True
SMF_20140812_110_cc784p856076_ms1on,channelconductivity_mmhr,784.8560756740994,synth,interpolate,2014-08-12 16:00,2014-08-13 12:00,66.0736,44.1258,-21.9478,-33.2172002130957,2014-08-12 18:45:00,2014-08-12 18:45:00,0.0,138164.11,77623.28,-43.81805810495938,3.512736989392776,0.8475004792945916,-43.81805810495938,0.4268898489394754,0.9941207701482347,0.6306513052737188,0.5618194189504061,1.1225160327350463,0.5449758630251087,3.30368,0.0,0.6503452609147822,0.0,-15.0,1.0783404956558655,5.396453486339587,0.0007274950746741,1.0,1.0,1.0,1,784.8560756740994,0.4,4.5,0.24,0.026,2.33,ms1,True
SMF_20140812_110_cc110p873489_ms1on,channelconductivity_mmhr,110.87348877566744,synth,interpolate,2014-08-12 16:00,2014-08-13 12:00,66.0736,38.875366666666665,-27.19823333333333,-41.16354085948599,2014-08-12 18:45:00,2014-08-12 18:50:00,0.0833333333333333,138164.11,81089.52999999998,-41.30926620523956,3.8099042903106897,0.8206070620326489,-41.30926620523955,0.417591273330933,0.9973331445828176,0.5894549167984922,0.5869073379476043,1.0043406832495854,0.5868759253076333,3.30368,0.0,0.4533596559201179,5.0,-5.0,0.9046608560839716,7.073011832125044,0.0004760556175086,1.0,1.0,1.0,1,110.87348877566744,0.4,4.5,0.24,0.026,2.33,ms1,True
SMF_20140812_110_cc708p005521_ms1on,channelconductivity_mmhr,708.0055210468474,synth,interpolate,2014-08-12 16:00,2014-08-13 12:00,66.0736,32.332166666666666,-33.74143333333333,-51.0664370237634,2014-08-12 18:45:00,2014-08-12 18:50:00,0.0833333333333333,138164.11,53770.47,-61.08217249761895,5.282294259279166,0.6551562237301389,-61.08217249761895,0.1770166329384036,0.9726660284560944,0.4491358636135481,0.3891782750238104,1.154062013317854,0.3694562428738182,3.30368,10.0,0.6166114101927944,-5.0,-25.0,1.0132646893147614,7.462515171912206,0.0011320617767659,1.0,1.0,1.0,1,708.0055210468474,0.4,4.5,0.24,0.026,2.33,ms1,True
SMF_20140812_110_cc155p324328_ms1on,channelconductivity_mmhr,155.32432773474775,synth,interpolate,2014-08-12 16:00,2014-08-13 12:00,66.0736,40.753933333333336,-25.319666666666663,-38.32039826294717,2014-08-12 18:45:00,2014-08-12 18:50:00,0.0833333333333333,138164.11,83071.99999999999,-39.8744000884166,3.574882702931491,0.8420568468246249,-39.87440008841659,0.4458911858084944,0.9977794822739816,0.6152470025787542,0.601255999115834,1.0232696280511036,0.6005714274995841,3.30368,0.0,0.4773019093646554,5.0,-5.0,0.9667310195798098,6.911659283306327,0.0011974659091854,1.0,1.0,1.0,1,155.32432773474775,0.4,4.5,0.24,0.026,2.33,ms1,True
SMF_20140812_110_cc429p848971_ms1on,channelconductivity_mmhr,429.8489710076803,synth,interpolate,2014-08-12 16:00,2014-08-13 12:00,66.0736,36.91633333333333,-29.157266666666665,-44.12846684101769,2014-08-12 18:45:00,2014-08-12 18:50:00,0.0833333333333333,138164.11,69219.02,-49.90086788819469,4.30324226234504,0.7711405742010358,-49.900867888194696,0.3214288791774504,0.9942569117185034,0.5401999115356152,0.5009913211180531,1.0782620152581903,0.494858843792363,3.30368,5.0,0.5354898227261295,0.0,-15.0,1.0056740555330197,6.71515234458933,0.0003178342849939,1.0,1.0,1.0,1,429.8489710076803,0.4,4.5,0.24,0.026,2.33,ms1,True
SMF_20140812_110_cc40p507945_ms1on,channelconductivity_mmhr,40.507945320450325,synth,interpolate,2014-08-12 16:00,2014-08-13 12:00,66.0736,53.1545,-12.9191,-19.55258983920961,2014-08-12 18:45:00,2014-08-12 18:45:00,0.0,138164.11,113169.16,-18.090769013747494,2.142667510449664,0.9432603333797576,-18.090769013747494,0.7383373863547992,0.9878782000016814,0.8113394768544258,0.819092309862525,0.990534848252451,0.8184397634841813,3.30368,-5.0,0.6353466118803401,5.0,0.0,1.0015182909255689,5.131638680186821,0.0003204704130001,1.0,1.0,1.0,1,40.507945320450325,0.4,4.5,0.24,0.026,2.33,ms1,True
SMF_20140812_110_cc139p02166_ms1on,channelconductivity_mmhr,139.02165997473358,synth,interpolate,2014-08-12 16:00,2014-08-13 12:00,66.0736,38.64403333333333,-27.429566666666663,-41.51365547914245,2014-08-12 18:45:00,2014-08-12 18:50:00,0.0833333333333333,138164.11,79522.79,-42.4432365250281,3.867901309027443,0.8151038025293265,-42.4432365250281,0.4049939013911126,0.997527854129211,0.5830068187552527,0.5755676347497191,1.0129249519194534,0.57536368671618,3.30368,0.0,0.4504113222809057,5.0,-5.0,0.921544935067459,7.001261249801296,0.0003368042788285,1.0,1.0,1.0,1,139.02165997473358,0.4,4.5,0.24,0.026,2.33,ms1,True
SMF_20140812_110_cc484p887979_ms1on,channelconductivity_mmhr,484.8879792432124,synth,interpolate,2014-08-12 16:00,2014-08-13 12:00,66.0736,50.2402,-15.833399999999996,-23.963277314994187,2014-08-12 18:45:00,2014-08-12 18:45:00,0.0,138164.11,96242.42,-30.34195349284267,2.60502952930348,0.9161307977411364,-30.34195349284268,0.6030658832926461,0.9903842491054956,0.7442641672256324,0.6965804650715732,1.0684539755922666,0.6888058104401135,3.30368,0.0,0.7477549756316402,0.0,-10.0,1.1519561293502432,4.971418286472848,0.0004808702006995,1.0,1.0,1.0,1,484.8879792432124,0.4,4.5,0.24,0.026,2.33,ms1,True
SMF_20140812_110_cc819p889443_ms1on,channelconductivity_mmhr,819.8894431621383,synth,interpolate,2014-08-12 16:00,2014-08-13 12:00,66.0736,44.5658,-21.5078,-32.551276152654005,2014-08-12 18:45:00,2014-08-12 18:45:00,0.0,138164.11,78481.85,-43.19664491741017,3.462117330274149,0.8518639450131793,-43.19664491741017,0.4363309902466329,0.9932341146825796,0.6379475699016354,0.5680335508258983,1.1230807915731118,0.5507899470509658,3.30368,0.0,0.6573549878668,0.0,-15.0,1.109537105302026,5.21662139038597,0.0004178206407551,1.0,1.0,1.0,1,819.8894431621383,0.4,4.5,0.24,0.026,2.33,ms1,True
SMF_20140812_110_cc146p529481_ms1on,channelconductivity_mmhr,146.5294808528807,synth,interpolate,2014-08-12 16:00,2014-08-13 12:00,66.0736,50.3361,-15.737499999999995,-23.81813613909337,2014-08-12 18:45:00,2014-08-12 18:45:00,0.0,138164.11,103469.94,-25.110841013632257,2.34353509679454,0.93212339144373,-25.110841013632268,0.6557275693339433,0.9937205601551312,0.7645671188836234,0.7488915898636774,1.0209316398155832,0.747942469758735,3.30368,-5.0,0.5994262219865821,5.0,-5.0,0.9602997248519216,5.429906233337317,0.0008174853914202,1.0,1.0,1.0,1,146.5294808528807,0.4,4.5,0.24,0.026,2.33,ms1,True
SMF_20140812_110_cc39p953794_ms1on,channelconductivity_mmhr,39.95379395718245,synth,interpolate,2014-08-12 16:00,2014-08-13 12:00,66.0736,42.0313,-24.0423,-36.38715008717551,2014-08-12 18:45:00,2014-08-12 18:45:00,0.0,138164.11,90936.31,-34.182393676621224,3.2612758498896266,0.868552515373119,-34.182393676621224,0.5083258294173092,0.9990139758979284,0.6465895954724938,0.6581760632337877,0.9823960967155708,0.657721643394256,3.30368,0.0,0.6169773675034157,0.0,-5.0,0.8422825451994235,6.584509969135052,0.0003680462369925,1.0,1.0,1.0,1,39.95379395718245,0.4,4.5,0.24,0.026,2.33,ms1,True
SMF_20140812_110_cc32p225246_ms1on,channelconductivity_mmhr,32.225246197922,synth,interpolate,2014-08-12 16:00,2014-08-13 12:00,66.0736,40.35906666666667,-25.71453333333333,-38.91801465840113,2014-08-12 18:45:00,2014-08-12 18:50:00,0.0833333333333333,138164.11,87609.14,-36.59052267625796,3.545528577787881,0.8446400075671885,-36.59052267625797,0.470299672502687,0.997871904793288,0.6169970324013443,0.6340947732374203,0.9730359852222372,0.6330964406627824,3.30368,0.0,0.4722693502450431,5.0,0.0,0.9299589791179934,7.194591847968285,0.0009274547031662,1.0,1.0,1.0,1,32.225246197922,0.4,4.5,0.24,0.026,2.33,ms1,True
SMF_20140812_110_cc124p228108_ms1on,channelconductivity_mmhr,124.22810830881308,synth,interpolate,2014-08-12 16:00,2014-08-13 12:00,66.0736,55.5945,-10.479100000000004,-15.8597382313057,2014-08-12 18:45:00,2014-08-12 18:45:00,0.0,138164.11,115232.88,-16.597096018640432,2.055429131336452,0.947786569757021,-16.597096018640443,0.7724812253858475,0.9840232930096772,0.8451995542303774,0.8340290398135957,1.0133934358200265,0.8327247809311946,3.30368,-5.0,0.6664443096311099,5.0,-5.0,1.0097058494861912,4.861351425998992,0.0005542971090824,1.0,1.0,1.0,1,124.22810830881308,0.4,4.5,0.24,0.026,2.33,ms1,True
SMF_20140812_110_cc53p176693_ms1on,channelconductivity_mmhr,53.17669260996748,synth,interpolate,2014-08-12 16:00,2014-08-13 12:00,66.0736,54.7742,-11.2994,-17.101232564897327,2014-08-12 18:45:00,2014-08-12 18:45:00,0.0,138164.11,115820.89,-16.17150792633484,1.999173383989771,0.9506055523553828,-16.17150792633485,0.7699221106770358,0.9870965215765166,0.8368510847761045,0.8382849207366516,0.9982895601184296,0.8377619273377398,3.30368,-5.0,0.6559896205061277,5.0,0.0,1.0246024958181914,5.1227121994042,0.0009581019917877,1.0,1.0,1.0,1,53.17669260996748,0.4,4.5,0.24,0.026,2.33,ms1,True
SMF_20140812_110_cc165p418893_ms1on,channelconductivity_mmhr,165.41889307315697,synth,interpolate,2014-08-12 16:00,2014-08-13 12:00,66.0736,36.9063,-29.1673,-44.14365192754746,2014-08-12 18:45:00,2014-08-12 18:50:00,0.0833333333333333,138164.11,75145.59,-45.61135304964509,4.131790127547684,0.7890139613483419,-45.611353049645096,0.36353338351319,0.9958971762950036,0.5561155915805592,0.543886469503549,1.0224846962789362,0.5433141698814741,3.30368,0.0,0.4282639837680214,5.0,-5.0,0.9165623280934692,7.40660888689646,0.0005509418481146,1.0,1.0,1.0,1,165.41889307315697,0.4,4.5,0.24,0.026,2.33,ms1,True
SMF_20140812_110_cc30p007268_ms1on,channelconductivity_mmhr,30.007268134697505,synth,interpolate,2014-08-12 16:00,2014-08-13 12:00,66.0736,39.89573333333333,-26.177866666666667,-39.61925287356322,2014-08-12 18:45:00,2014-08-12 18:50:00,0.0833333333333333,138164.11,87766.48,-36.47664360882142,3.588914779133248,0.8408145011696224,-36.47664360882143,0.4673542954783357,0.9979343611495188,0.611860042272092,0.6352335639117858,0.9632048383971418,0.63337661875197,3.30368,0.0,0.4663641863278887,5.0,0.0,0.9140244712223824,6.983409218472876,0.0003568851813528,1.0,1.0,1.0,1,30.007268134697505,0.4,4.5,0.24,0.026,2.33,ms1,True
SMF_20140812_110_cc444p05914_ms1on,channelconductivity_mmhr,444.0591403411465,synth,interpolate,2014-08-12 16:00,2014-08-13 12:00,66.0736,36.1832,-29.8904,-45.23803758233243,2014-08-12 18:45:00,2014-08-12 18:50:00,0.0833333333333333,138164.11,67238.95999999999,-51.33398970253563,4.422626523213469,0.7582659973515224,-51.33398970253562,0.3030786301625636,0.992706201941192,0.5286950601065561,0.4866601029746437,1.0863743645204926,0.4793930655336553,3.30368,5.0,0.5238101307122902,0.0,-15.0,1.0225390411450177,7.052738279866139,0.0007331121819857,1.0,1.0,1.0,1,444.0591403411465,0.4,4.5,0.24,0.026,2.33,ms1,True
SMF_20140812_110_cc286p655597_ms1on,channelconductivity_mmhr,286.6555972636675,synth,interpolate,2014-08-12 16:00,2014-08-13 12:00,66.0736,38.07353333333333,-28.00006666666667,-42.37708656205606,2014-08-12 18:45:00,2014-08-12 18:50:00,0.0833333333333333,138164.11,74093.07,-46.37314277926445,4.062327101078261,0.7960484589382777,-46.373142779264455,0.3639583596407423,0.995784019875784,0.5647019909764315,0.5362685722073555,1.0530208560461414,0.5332282969299894,3.30368,5.0,0.5539254046099362,0.0,-10.0,1.0202880650980115,7.1088369601328845,0.0009495021067965,1.0,1.0,1.0,1,286.6555972636675,0.4,4.5,0.24,0.026,2.33,ms1,True
SMF_20140812_110_cc528p239309_ms1on,channelconductivity_mmhr,528.2393088590862,synth,interpolate,2014-08-12 16:00,2014-08-13 12:00,66.0736,35.087833333333336,-30.985766666666663,-46.89583535128502,2014-08-12 18:45:00,2014-08-12 18:50:00,0.0833333333333333,138164.11,62341.490000000005,-54.87866566795096,4.735562692486237,0.7228464843937576,-54.87866566795097,0.2576732397481909,0.9861376024705232,0.5003100377522,0.4512133433204904,1.108810377969777,0.4403584549297068,3.30368,5.0,0.5063596278812103,0.0,-15.0,1.0418832122182962,7.38567069642888,0.0012917732740306,1.0,1.0,1.0,1,528.2393088590862,0.4,4.5,0.24,0.026,2.33,ms1,True
SMF_20140812_110_cc198p311168_ms1on,channelconductivity_mmhr,198.3111679019995,synth,interpolate,2014-08-12 16:00,2014-08-13 12:00,66.0736,40.3751,-25.698500000000003,-38.89374878922899,2014-08-12 18:45:00,2014-08-12 18:50:00,0.0833333333333333,138164.11,80944.34,-41.414351382569606,3.6660527125819167,0.8338980919426895,-41.41435138256961,0.4285361455287894,0.9972681020772428,0.6062378590355111,0.5858564861743039,1.0347890197380922,0.5843888966780455,3.30368,0.0,0.4724736944064927,5.0,-5.0,0.9901133581656784,6.899758265178626,0.0011752191724699,1.0,1.0,1.0,1,198.3111679019995,0.4,4.5,0.24,0.026,2.33,ms1,True
SMF_20140812_110_cc85p817301_ms1on,channelconductivity_mmhr,85.81730105417589,synth,interpolate,2014-08-12 16:00,2014-08-13 12:00,66.0736,49.1656,-16.908,-25.589645486245644,2014-08-12 18:45:00,2014-08-12 18:45:00,0.0,138164.11,102140.57,-26.073008395595632,2.416839406034192,0.9278107054635908,-26.073008395595643,0.6365337243526614,0.9966490898319786,0.7467879776663183,0.7392699160440436,1.0101695760359155,0.7390501474317632,3.30368,-5.0,0.5845082485368788,5.0,0.0,0.97765372812864,5.775485709607833,0.0010664305869165,1.0,1.0,1.0,1,85.81730105417589,0.4,4.5,0.24,0.026,2.33,ms1,True
SMF_20140812_110_cc62p050997_ms1on,channelconductivity_mmhr,62.05099728293823,synth,interpolate,2014-08-12 16:00,2014-08-13 12:00,66.0736,58.6474,-7.4262000000000015,-11.239284676481986,2014-08-12 18:45:00,2014-08-12 18:45:00,0.0,138164.11,125167.58000000002,-9.406589019391484,2.029389510585739,0.9491011425665156,-9.406589019391506,0.8639286845113247,0.977135987058902,0.9043744379725052,0.905934109806085,0.9982783827027844,0.903179967197576,3.30368,-5.0,0.7053533921980464,5.0,0.0,1.0798586727379391,4.559706752990029,0.0006310068644838,1.0,1.0,1.0,1,62.05099728293823,0.4,4.5,0.24,0.026,2.33,ms1,True
SMF_20140812_110_cc221p558224_ms1on,channelconductivity_mmhr,221.5582237541208,synth,interpolate,2014-08-12 16:00,2014-08-13 12:00,66.0736,34.88333333333333,-31.190266666666663,-47.20533869301305,2014-08-12 18:45:00,2014-08-12 18:50:00,0.0833333333333333,138164.11,68436.56999999999,-50.46718717328256,4.612026342250622,0.7371180489961375,-50.46718717328256,0.2987752246483074,0.9858132715194226,0.5133571903503181,0.4953281282671744,1.036398219794655,0.4938184201420253,3.30368,5.0,0.5031016979682837,0.0,-10.0,0.8908771360536094,7.841127670471366,0.0008265930845691,1.0,1.0,1.0,1,221.5582237541208,0.4,4.5,0.24,0.026,2.33,ms1,True
SMF_20140812_110_cc230p404142_ms1on,channelconductivity_mmhr,230.40414152672315,synth,interpolate,2014-08-12 16:00,2014-08-13 12:00,66.0736,50.0081,-16.0655,-24.31455225687718,2014-08-12 18:45:00,2014-08-12 18:45:00,0.0,138164.11,99963.34,-27.648837313829173,2.4292882271694114,0.9270651151005608,-27.648837313829183,0.6278829696441475,0.995017154500414,0.7510011344384748,0.7235116268617082,1.0379945622933588,0.7208687835554828,3.30368,0.0,0.7440573446644507,0.0,-10.0,0.992401506756288,5.481515938930079,0.0011039229796013,1.0,1.0,1.0,1,230.40414152672315,0.4,4.5,0.24,0.026,2.33,ms1,True
SMF_20140812_110_cc103p685799_ms1on,channelconductivity_mmhr,103.68579893035694,synth,interpolate,2014-08-12 16:00,2014-08-13 12:00,66.0736,47.6409,-18.4327,-27.897223702053463,2014-08-12 18:45:00,2014-08-12 18:45:00,0.0,138164.11,97890.44,-29.14915458146112,2.5920099462380457,0.9169670365202512,-29.149154581461133,0.5970440602093035,0.9987575657062316,0.7217831340694142,0.7085084541853888,1.0187360924285485,0.707904286091259,3.30368,0.0,0.7063450136625952,0.0,-5.0,0.9671378942059566,6.11081340422674,0.0013648376038141,1.0,1.0,1.0,1,103.68579893035694,0.4,4.5,0.24,0.026,2.33,ms1,True
SMF_20140812_110_cc95p621659_ms1on,channelconductivity_mmhr,95.62165867064842,synth,interpolate,2014-08-12 16:00,2014-08-13 12:00,66.0736,36.4525,-29.6211,-44.83046178806664,2014-08-12 18:45:00,2014-08-12 18:50:00,0.0833333333333333,138164.11,76456.85,-44.66229326849063,4.191211222695696,0.7829017575316114,-44.66229326849064,0.3671051784460498,0.993607406272188,0.5516218717475493,0.5533770673150936,0.9968282105074208,0.5533200592110492,3.30368,0.0,0.422480321784702,5.0,0.0,0.8859388713340868,7.6312663539735635,0.0006090120740014,1.0,1.0,1.0,1,95.62165867064842,0.4,4.5,0.24,0.026,2.33,ms1,True
SMF_20140812_110_cc605p642364_ms1on,channelconductivity_mmhr,605.6423635151568,synth,interpolate,2014-08-12 16:00,2014-08-13 12:00,66.0736,41.0109,-25.0627,-37.931488521890735,2014-08-12 18:45:00,2014-08-12 18:45:00,0.0,138164.11,75195.43999999999,-45.5752727680148,3.7500788721940697,0.8261967013070699,-45.57527276801479,0.3927028176515637,0.9972126590723815,0.598637882167477,0.544247272319852,1.0999373127141,0.5334104753320562,3.30368,0.0,0.6007211734537817,0.0,-15.0,0.9518805436019402,5.91586156132336,0.0003829651468949,1.0,1.0,1.0,1,605.6423635151568,0.4,4.5,0.24,0.026,2.33,ms1,True
SMF_20140812_110_cc42p429611_ms1on,channelconductivity_mmhr,42.42961075428816,synth,interpolate,2014-08-12 16:00,2014-08-13 12:00,66.0736,53.3922,-12.681399999999996,-19.19283950019372,2014-08-12 18:45:00,2014-08-12 18:45:00,0.0,138164.11,113375.08,-17.941728861424288,2.089656861279631,0.9460331380628176,-17.941728861424284,0.7421634762722173,0.9887436806966728,0.8151692536668143,0.8205827113857571,0.993402910341846,0.8201089502785013,3.30368,-5.0,0.6383760884194213,5.0,0.0,1.0031772002527082,5.153803788770347,0.0004958194987567,1.0,1.0,1.0,1,42.42961075428816,0.4,4.5,0.24,0.026,2.33,ms1,True
SMF_20140812_110_cc680p556256_ms1on,channelconductivity_mmhr,680.5562559315832,synth,interpolate,2014-08-12 16:00,2014-08-13 12:00,66.0736,41.7834,-24.2902,-36.76233775668346,2014-08-12 18:45:00,2014-08-12 18:45:00,0.0,138164.11,74370.06,-46.17266379814555,3.7624790627920257,0.8250453883145306,-46.17266379814556,0.3886953977390316,0.9959565553234272,0.5993936107861857,0.5382733620185445,1.1135487153561494,0.5244990552842798,3.30368,0.0,0.6130280236138583,0.0,-15.0,0.9893551387040574,5.725331217733202,0.0003067021374189,1.0,1.0,1.0,1,680.5562559315832,0.4,4.5,0.24,0.026,2.33,ms1,True
SMF_20140812_110_cc236p246744_ms1on,channelconductivity_mmhr,236.2467440023529,synth,interpolate,2014-08-12 16:00,2014-08-13 12:00,66.0736,39.61236666666667,-26.46123333333333,-40.04811805824616,2014-08-12 18:45:00,2014-08-12 18:50:00,0.0833333333333333,138164.11,78627.22,-43.09142946022668,3.776875369321176,0.8237039754825874,-43.091429460226685,0.40794239955024,0.9974098331782052,0.5939970886882784,0.5690857053977333,1.0437743964648252,0.5668602580660675,3.30368,0.0,0.4627526900358218,5.0,-5.0,1.0143188035039885,6.978479782844767,0.0011890335078988,1.0,1.0,1.0,1,236.2467440023529,0.4,4.5,0.24,0.026,2.33,ms1,True
SMF_20140812_110_cc94p711043_ms1on,channelconductivity_mmhr,94.71104269868069,synth,interpolate,2014-08-12 16:00,2014-08-13 12:00,66.0736,49.2439,-16.829700000000003,-25.47114127276249,2014-08-12 18:45:00,2014-08-12 18:45:00,0.0,138164.11,102201.41999999998,-26.028966567366886,2.42281781046498,0.927453122265236,-26.02896656736688,0.637997183868376,0.9958507543101538,0.7484485885729891,0.7397103343263312,1.0118130757962387,0.7394093726626518,3.30368,-5.0,0.5855061787556842,5.0,0.0,0.9826365763855937,5.663515182216136,0.000775619032892,1.0,1.0,1.0,1,94.71104269868069,0.4,4.5,0.24,0.026,2.33,ms1,True
SMF_20140812_110_cc41p784788_ms1on,channelconductivity_mmhr,41.78478761976873,synth,interpolate,2014-08-12 16:00,2014-08-13 12:00,66.0736,44.9849,-21.0887,-31.916983485083293,2014-08-12 18:45:00,2014-08-12 18:45:00,0.0,138164.11,96086.19,-30.45502916784974,2.8935918146741577,0.8965211138291601,-30.45502916784973,0.5635563114925863,0.998863898450296,0.6873805470707761,0.6954497083215025,0.9883972037745165,0.6952266485264186,3.30368,0.0,0.6640317527885969,0.0,-5.0,0.8872956996296996,6.216742168107618,0.0006200616923757,1.0,1.0,1.0,1,41.78478761976873,0.4,4.5,0.24,0.026,2.33,ms1,True
SMF_20140812_110_cc203p938008_ms1on,channelconductivity_mmhr,203.9380078447556,synth,interpolate,2014-08-12 16:00,2014-08-13 12:00,66.0736,55.7511,-10.322499999999998,-15.6227298043394,2014-08-12 18:45:00,2014-08-12 18:45:00,0.0,138164.11,113838.02,-17.606663553943207,2.055410038789457,0.9477875397566434,-17.606663553943207,0.7649925141332501,0.9841233964895464,0.8451549428486419,0.823933364460568,1.025756425584207,0.8213525254920234,3.30368,-5.0,0.6684401700687208,5.0,-5.0,1.0499319787571315,4.741421028143981,0.0008600235867672,1.0,1.0,1.0,1,203.9380078447556,0.4,4.5,0.24,0.026,2.33,ms1,True
SMF_20140812_110_cc45p504636_ms1on,channelconductivity_mmhr,45.504635502855976,synth,interpolate,2014-08-12 16:00,2014-08-13 12:00,66.0736,52.9967,-13.076900000000002,-19.79141442270438,2014-08-12 18:45:00,2014-08-12 18:45:00,0.0,138164.11,112215.01,-18.7813608034677,2.1190750386823543,0.9445029520240142,-18.781360803467702,0.7310301174174385,0.9895114543204092,0.8077479862706226,0.8121863919653229,0.9945352375530938,0.8118143879514768,3.30368,-5.0,0.6333354574930158,5.0,0.0,1.0023277848983827,5.18962145151565,0.0003604633208185,1.0,1.0,1.0,1,45.504635502855976,0.4,4.5,0.24,0.026,2.33,ms1,True
SMF_20140812_110_cc64p66879_ms1on,channelconductivity_mmhr,64.6687897344306,synth,interpolate,2014-08-12 16:00,2014-08-13 12:00,66.0736,37.68023333333333,-28.393366666666665,-42.9723318642645,2014-08-12 18:45:00,2014-08-12 18:50:00,0.0833333333333333,138164.11,80753.76000000001,-41.55228879627277,3.937310823109241,0.8084083347273712,-41.552288796272784,0.406204405032921,0.9966339882752994,0.5758271482679602,0.5844771120372723,0.9852005089828728,0.5842000175683235,3.30368,0.0,0.4381277316693516,5.0,0.0,0.8969080200272308,7.326703726468488,0.0003236807996701,1.0,1.0,1.0,1,64.6687897344306,0.4,4.5,0.24,0.026,2.33,ms1,True
SMF_20140812_110_cc38p028926_ms1on,channelconductivity_mmhr,38.02892555570072,synth,interpolate,2014-08-12 16:00,2014-08-13 12:00,66.0736,36.9897,-29.0839,-44.01742904881829,2014-08-12 18:45:00,2014-08-12 18:50:00,0.0833333333333333,138164.11,79714.62999999999,-42.30438715235093,4.218914294814414,0.7800223202655685,-42.30438715235092,0.3857176267574556,0.987674602913258,0.5547755606106652,0.5769561284764907,0.9615558848046292,0.5750341394416485,3.30368,5.0,0.5366586415913864,0.0,-5.0,0.84255227036274,7.9484826483560145,0.0010132638703509,1.0,1.0,1.0,1,38.02892555570072,0.4,4.5,0.24,0.026,2.33,ms1,True
SMF_20140812_110_cc143p880952_ms1on,channelconductivity_mmhr,143.88095176722445,synth,interpolate,2014-08-12 16:00,2014-08-13 12:00,66.0736,47.1945,-18.8791,-28.57283393064704,2014-08-12 18:45:00,2014-08-12 18:45:00,0.0,138164.11,96560.15,-30.111987838230924,2.67343167934948,0.9116685436326843,-30.11198783823093,0.5852992308167619,0.997943811153756,0.7148696457905243,0.6988801216176908,1.0228787794619525,0.6980052192185819,3.30368,0.0,0.6992333270458208,0.0,-5.0,0.9929214021675687,5.805223569636924,0.0005157189888901,1.0,1.0,1.0,1,143.88095176722445,0.4,4.5,0.24,0.026,2.33,ms1,True
SMF_20140812_110_cc467p736067_ms1on,channelconductivity_mmhr,467.7360669363915,synth,interpolate,2014-08-12 16:00,2014-08-13 12:00,66.0736,44.282,-21.791600000000003,-32.980797171638905,2014-08-12 18:45:00,2014-08-12 18:45:00,0.0,138164.11,82987.59999999999,-39.9354868641357,3.263584969875467,0.8683663088189397,-39.9354868641357,0.4692978376513729,0.9982487580222236,0.6504897610004989,0.600645131358643,1.0829851555262069,0.5921104144578719,3.30368,0.0,0.6528337139827484,0.0,-10.0,1.033494930347177,6.028023450682834,0.0013080143380575,1.0,1.0,1.0,1,467.7360669363915,0.4,4.5,0.24,0.026,2.33,ms1,True
SMF_20140812_110_cc413p89128_ms1on,channelconductivity_mmhr,413.8912802286612,synth,interpolate,2014-08-12 16:00,2014-08-13 12:00,66.0736,51.9312,-14.142400000000002,-21.40401007361488,2014-08-12 18:45:00,2014-08-12 18:45:00,0.0,138164.11,100922.11,-26.954901674537624,2.432243251687701,0.926887568892311,-26.954901674537616,0.6468767142544578,0.98839081104819,0.7721741690694186,0.7304509832546238,1.0571197613136083,0.7242208984911265,3.30368,-5.0,0.6197557046432431,5.0,-5.0,1.1290385145855668,4.885973014637686,0.0004620890197382,1.0,1.0,1.0,1,413.8912802286612,0.4,4.5,0.24,0.026,2.33,ms1,True
SMF_20140812_110_cc722p343129_ms1on,channelconductivity_mmhr,722.3431294460564,synth,interpolate,2014-08-12 16:00,2014-08-13 12:00,66.0736,50.2876,-15.786,-23.89153913211933,2014-08-12 18:45:00,2014-08-12 18:45:00,0.0,138164.11,93664.01,-32.20814725329176,2.77381144724023,0.9049108241866992,-32.20814725329176,0.5841118683892026,0.985493345971646,0.7372909973856071,0.6779185274670825,1.0875805388301731,0.6659082929166689,3.30368,0.0,0.7485101143987439,0.0,-15.0,1.1343413348010378,4.651240804520058,0.0003881241024176,1.0,1.0,1.0,1,722.3431294460564,0.4,4.5,0.24,0.026,2.33,ms1,True
SMF_20140812_110_cc284p445319_ms1on,channelconductivity_mmhr,284.44531936990336,synth,interpolate,2014-08-12 16:00,2014-08-13 12:00,66.0736,57.5365,-8.537100000000002,-12.92059158271988,2014-08-12 18:45:00,2014-08-12 18:45:00,0.0,138164.11,116483.89,-15.691643799536644,2.005781288741742,0.950278483952342,-15.691643799536651,0.7967945701741295,0.9814938037545702,0.8722220719447655,0.8430835620046334,1.0345618290443812,0.8382601847425282,3.30368,-5.0,0.6911950182507799,5.0,-5.0,1.1092210715041422,4.541687886332041,0.0012292360855384,1.0,1.0,1.0,1,284.44531936990336,0.4,4.5,0.24,0.026,2.33,ms1,True
SMF_20140812_110_cc741p844763_ms1on,channelconductivity_mmhr,741.8447631226404,synth,interpolate,2014-08-12 16:00,2014-08-13 12:00,66.0736,28.96433333333333,-37.10926666666667,-56.1635307697275,2014-08-12 18:45:00,2014-08-12 18:50:00,0.0833333333333333,138164.11,47015.17,-65.97150301912703,5.810170454526276,0.5827897610449242,-65.97150301912703,0.1052929335898764,0.9570214399441984,0.3971487272971298,0.3402849698087296,1.1671062860059989,0.3180941498216504,3.30368,10.0,0.5450732523547018,-5.0,-25.0,0.9818859560940694,7.818513304783933,0.0007423679259886,1.0,1.0,1.0,1,741.8447631226404,0.4,4.5,0.24,0.026,2.33,ms1,True
SMF_20140812_110_cc497p039397_ms1on,channelconductivity_mmhr,497.0393971975526,synth,interpolate,2014-08-12 16:00,2014-08-13 12:00,66.0736,47.0876,-18.986,-28.73462320805889,2014-08-12 18:45:00,2014-08-12 18:45:00,0.0,138164.11,88278.48,-36.1060698035112,2.926589793585979,0.8941475490561541,-36.1060698035112,0.524830650300014,0.9967020443441514,0.6911145734787778,0.6389393019648879,1.0816591988525963,0.6298055525344036,3.30368,0.0,0.6975302820204327,0.0,-10.0,1.0980288072444182,5.5800169149829655,0.0012754991212327,1.0,1.0,1.0,1,497.0393971975526,0.4,4.5,0.24,0.026,2.33,ms1,True
SMF_20140812_110_cc226p427746_ms1on,channelconductivity_mmhr,226.42774613329937,synth,interpolate,2014-08-12 16:00,2014-08-13 12:00,66.0736,36.11523333333333,-29.95836666666667,-45.340902670153696,2014-08-12 18:45:00,2014-08-12 18:50:00,0.0833333333333333,138164.11,70748.71,-48.793713504903685,4.387236806055863,0.7621192144048894,-48.7937135049037,0.324835329680853,0.9911429656417652,0.533431422800809,0.5120628649509631,1.04173034076957,0.5102015555779812,3.30368,5.0,0.5227273403141717,0.0,-10.0,0.931081844611412,7.646193516723768,0.0009185327127163,1.0,1.0,1.0,1,226.42774613329937,0.4,4.5,0.24,0.026,2.33,ms1,True
SMF_20140812_110_cc38p952644_ms1on,channelconductivity_mmhr,38.95264400129793,synth,interpolate,2014-08-12 16:00,2014-08-13 12:00,66.0736,51.845,-14.2286,-21.5344706509105,2014-08-12 18:45:00,2014-08-12 18:45:00,0.0,138164.11,110537.26,-19.995677603973984,2.152726089220311,0.9427263634533468,-19.995677603973995,0.7125482482822036,0.9918797755944062,0.7936511225205581,0.8000432239602601,0.9920103048832029,0.7997189835339772,3.30368,-5.0,0.6186570892554906,5.0,0.0,0.9797368022515878,5.347872039556028,0.0005958908579441,1.0,1.0,1.0,1,38.95264400129793,0.4,4.5,0.24,0.026,2.33,ms1,True
SMF_20140812_110_cc122p17297_ms1on,channelconductivity_mmhr,122.1729696467984,synth,interpolate,2014-08-12 16:00,2014-08-13 12:00,66.0736,57.3845,-8.689099999999996,-13.150638076327,2014-08-12 18:45:00,2014-08-12 18:45:00,0.0,138164.11,120571.29,-12.733277838940936,2.087744545369953,0.946131866680808,-12.733277838940952,0.8238211934701429,0.9779627342246155,0.8802515372329841,0.8726672216105905,1.008690959663176,0.8704823938026635,3.30368,-5.0,0.6892577846204043,5.0,-5.0,1.0362574337470338,4.5871444926280365,0.0004049443384543,1.0,1.0,1.0,1,122.1729696467984,0.4,4.5,0.24,0.026,2.33,ms1,True
SMF_20140812_110_cc475p09677_ms1on,channelconductivity_mmhr,475.0967695338391,synth,interpolate,2014-08-12 16:00,2014-08-13 12:00,66.0736,54.4718,-11.601799999999995,-17.55890401007361,2014-08-12 18:45:00,2014-08-12 18:45:00,0.0,138164.11,105993.65,-23.284237853086434,2.290215583974321,0.9351768782400536,-23.28423785308645,0.7004890697710745,0.9832803125508204,0.812352255173989,0.7671576214691357,1.058911796533161,0.7592392869277192,3.30368,-5.0,0.6521355451783275,5.0,-10.0,1.0618151493296424,4.520983643913051,0.0005787013282079,1.0,1.0,1.0,1,475.0967695338391,0.4,4.5,0.24,0.026,2.33,ms1,True
SMF_20140812_110_cc119p597622_ms1on,channelconductivity_mmhr,119.59762214619562,synth,interpolate,2014-08-12 16:00,2014-08-13 12:00,66.0736,43.6157,-22.4579,-33.989218084075944,2014-08-12 18:45:00,2014-08-12 18:45:00,0.0,138164.11,90135.84,-34.76175542259128,3.10449670696915,0.8808868752183211,-34.7617554225913,0.51622620319034,0.9996530915967232,0.6635494061111075,0.6523824457740872,1.017117199289092,0.6519610900158602,3.30368,0.0,0.6422187570097269,0.0,-5.0,0.9151386350159376,6.389819816677592,0.0008753917943196,1.0,1.0,1.0,1,119.59762214619562,0.4,4.5,0.24,0.026,2.33,ms1,True
SMF_20140812_110_cc58p521478_ms1on,channelconductivity_mmhr,58.5214779051972,synth,interpolate,2014-08-12 16:00,2014-08-13 12:00,66.0736,53.1963,-12.877299999999998,-19.489327053467644,2014-08-12 18:45:00,2014-08-12 18:45:00,0.0,138164.11,112877.94,-18.30154734105694,2.14913630681269,0.9429172177098932,-18.30154734105696,0.7388947566144062,0.9870692259026124,0.8142203463858388,0.8169845265894305,0.9966166064183236,0.8164970959941477,3.30368,-5.0,0.6358793511286934,5.0,0.0,1.017816885958681,5.110059890359176,0.0003365191172259,1.0,1.0,1.0,1,58.5214779051972,0.4,4.5,0.24,0.026,2.33,ms1,True
SMF_20140812_110_cc569p550416_ms1on,channelconductivity_mmhr,569.5504158917724,synth,interpolate,2014-08-12 16:00,2014-08-13 12:00,66.0736,48.1972,-17.876399999999997,-27.055283804726844,2014-08-12 18:45:00,2014-08-12 18:45:00,0.0,138164.11,90310.81,-34.6351161672883,2.8774330789276017,0.897673604815175,-34.6351161672883,0.546147031420108,0.9922546376499348,0.7068048444146955,0.6536488383271168,1.0813219621465568,0.6441455643701269,3.30368,0.0,0.7152075388976121,0.0,-15.0,1.0390924393615426,5.046520696840795,0.0003025046846411,1.0,1.0,1.0,1,569.5504158917724,0.4,4.5,0.24,0.026,2.33,ms1,True
SMF_20140812_110_cc224p895451_ms1on,channelconductivity_mmhr,224.8954512031875,synth,interpolate,2014-08-12 16:00,2014-08-13 12:00,66.0736,52.4553,-13.618299999999998,-20.6108037098024,2014-08-12 18:45:00,2014-08-12 18:45:00,0.0,138164.11,105799.64,-23.424657821774392,2.2738343752426298,0.9361008815879804,-23.42465782177441,0.6856148793029295,0.9888822448077071,0.7906129415926711,0.765753421782256,1.032464131538003,0.7632533342922141,3.30368,-5.0,0.6264353371806114,5.0,-5.0,1.0309213963484023,5.078518120755787,0.0005027085912355,1.0,1.0,1.0,1,224.8954512031875,0.4,4.5,0.24,0.026,2.33,ms1,True
SMF_20140812_110_cc37p677422_ms1on,channelconductivity_mmhr,37.67742167249573,synth,interpolate,2014-08-12 16:00,2014-08-13 12:00,66.0736,39.7611,-26.3125,-39.823015546299885,2014-08-12 18:45:00,2014-08-12 18:50:00,0.0833333333333333,138164.11,86708.81000000001,-37.24216078980278,3.631969138240875,0.8369722592747022,-37.2421607898028,0.4595542139703409,0.9972122829166252,0.6083674908267614,0.6275783921019722,0.9693888420682124,0.6263120708588326,3.30368,0.0,0.464648290136422,5.0,0.0,0.913041823539908,6.947203667300938,0.000313346107022,1.0,1.0,1.0,1,37.67742167249573,0.4,4.5,0.24,0.026,2.33,ms1,True
SMF_20140812_110_cc34p241263_ms1on,channelconductivity_mmhr,34.24126271022813,synth,interpolate,2014-08-12 16:00,2014-08-13 12:00,66.0736,44.773,-21.3006,-32.23768645873692,2014-08-12 18:45:00,2014-08-12 18:45:00,0.0,138164.11,96100.46,-30.44470087058064,2.9208215047301738,0.8945644067808199,-30.444700870580643,0.5613920939801929,0.9988566374036248,0.6842665573064205,0.6955529912941937,0.9837734376402107,0.6951187284959008,3.30368,0.0,0.6606559320132956,0.0,-5.0,0.8828612758078163,6.227134690163387,0.0004889964702528,1.0,1.0,1.0,1,34.24126271022813,0.4,4.5,0.24,0.026,2.33,ms1,True
SMF_20140812_110_cc400p328946_ms1on,channelconductivity_mmhr,400.32894590870586,synth,interpolate,2014-08-12 16:00,2014-08-13 12:00,66.0736,33.6346,-32.439,-49.09525135606354,2014-08-12 18:45:00,2014-08-12 18:50:00,0.0833333333333333,138164.11,62314.21,-54.89841030351514,4.843276941190137,0.710094925823145,-54.89841030351516,0.2484003313622688,0.9866878913050828,0.4868320895913967,0.4510158969648485,1.0794122621122146,0.4451423020296158,3.30368,5.0,0.483207880462489,0.0,-15.0,0.9372761256659996,7.572624660519792,0.0005683518884451,1.0,1.0,1.0,1,400.32894590870586,0.4,4.5,0.24,0.026,2.33,ms1,True
SMF_20140812_110_cc76p109908_ms1on,channelconductivity_mmhr,76.10990842345625,synth,interpolate,2014-08-12 16:00,2014-08-13 12:00,66.0736,38.41176666666667,-27.661833333333327,-41.86518266498772,2014-08-12 18:45:00,2014-08-12 18:50:00,0.0833333333333333,138164.11,81445.14000000001,-41.05188387925053,3.847810274342431,0.817019626044252,-41.05188387925055,0.4162745103330751,0.9972890356307396,0.5850272527556386,0.5894811612074945,0.9924443582849491,0.5894026862568573,3.30368,0.0,0.4474510933474718,5.0,-5.0,0.8779269457057267,7.207565893421196,0.000351440089862,1.0,1.0,1.0,1,76.10990842345625,0.4,4.5,0.24,0.026,2.33,ms1,True
SMF_20140812_110_cc79p056559_ms1on,channelconductivity_mmhr,79.0565594764864,synth,interpolate,2014-08-12 16:00,2014-08-13 12:00,66.0736,51.7588,-14.314799999999998,-21.66493122820612,2014-08-12 18:45:00,2014-08-12 18:45:00,0.0,138164.11,108954.6,-21.1411704530214,2.2268228082889547,0.9387157983669492,-21.141170453021413,0.7019287998795695,0.990375816226336,0.790097864194873,0.7885882954697859,1.00191426722126,0.7883606885650158,3.30368,-5.0,0.617558473867738,5.0,0.0,1.0090886029993624,5.232081994619429,0.0003242412322388,1.0,1.0,1.0,1,79.0565594764864,0.4,4.5,0.24,0.026,2.33,ms1,True
SMF_20140812_110_cc299p816633_ms1on,channelconductivity_mmhr,299.81663268666483,synth,interpolate,2014-08-12 16:00,2014-08-13 12:00,66.0736,49.0942,-16.9794,-25.69770679969004,2014-08-12 18:45:00,2014-08-12 18:45:00,0.0,138164.11,97272.31,-29.59654283590724,2.562917845498656,0.9188204609364524,-29.59654283590724,0.6041589008296829,0.994464103090684,0.737199705376868,0.7040345716409276,1.0471072516490785,0.7002579874353791,3.30368,0.0,0.7294978231611574,0.0,-10.0,1.02278343250207,5.33954414244098,0.0007257701808148,1.0,1.0,1.0,1,299.81663268666483,0.4,4.5,0.24,0.026,2.33,ms1,True
SMF_20140812_110_cc115p863505_ms1on,channelconductivity_mmhr,115.863504650893,synth,interpolate,2014-08-12 16:00,2014-08-13 12:00,66.0736,39.292233333333336,-26.781366666666663,-40.53262826100994,2014-08-12 18:45:00,2014-08-12 18:50:00,0.0833333333333333,138164.11,81749.16,-40.83184120680833,3.739686381315866,0.827158679149817,-40.83184120680834,0.4257689221197878,0.9980688083223248,0.5962504790487384,0.5916815879319166,1.0077218747549528,0.5916040126484734,3.30368,0.0,0.458672604117811,5.0,-5.0,0.9209673814982392,6.932934433754014,0.0004294374248058,1.0,1.0,1.0,1,115.863504650893,0.4,4.5,0.24,0.026,2.33,ms1,True
SMF_20140812_110_cc33p006205_ms1on,channelconductivity_mmhr,33.006204861568136,synth,interpolate,2014-08-12 16:00,2014-08-13 12:00,66.0736,43.5734,-22.5002,-34.053237601704765,2014-08-12 18:45:00,2014-08-12 18:45:00,0.0,138164.11,94614.01,-31.520559137970043,3.0598605037917697,0.8842874494053153,-31.52055913797005,0.5429619432942658,0.9987289387773898,0.6690504497001158,0.6847944086202996,0.9770092180631204,0.6839545025036309,3.30368,0.0,0.6415448673504761,0.0,-5.0,0.863096478888488,6.330120699447316,0.0003753906673318,1.0,1.0,1.0,1,33.006204861568136,0.4,4.5,0.24,0.026,2.33,ms1,True
SMF_20140812_110_cc35p02251_ms1on,channelconductivity_mmhr,35.02250954588163,synth,interpolate,2014-08-12 16:00,2014-08-13 12:00,66.0736,35.893766666666664,-30.17983333333333,-45.67608444724267,2014-08-12 18:45:00,2014-08-12 18:50:00,0.0833333333333333,138164.11,79234.02,-42.65224159877698,4.287047501508355,0.7728599054761875,-42.652241598777,0.375594585582808,0.9898248893408308,0.5440863926832905,0.5734775840122301,0.9487491888988764,0.5702889926293561,3.30368,0.0,0.4153592888653248,5.0,0.0,0.821555463902654,7.906608953901334,0.0006641910195441,1.0,1.0,1.0,1,35.02250954588163,0.4,4.5,0.24,0.026,2.33,ms1,True
SMF_20140812_110_cc66p912149_ms1on,channelconductivity_mmhr,66.91214920199302,synth,interpolate,2014-08-12 16:00,2014-08-13 12:00,66.0736,51.4916,-14.582,-22.069328748547075,2014-08-12 18:45:00,2014-08-12 18:45:00,0.0,138164.11,109069.59,-21.05794333998893,2.220207387008655,0.9390793823936856,-21.05794333998894,0.7011370709679257,0.9911033892575,0.7881127590063323,0.7894205666001105,0.9983433322501202,0.7892262065584159,3.30368,-5.0,0.6141530210648668,5.0,0.0,0.9950035521111652,5.297783661771634,0.0004355655955052,1.0,1.0,1.0,1,66.91214920199302,0.4,4.5,0.24,0.026,2.33,ms1,True
SMF_20140812_110_cc954p017439_ms1on,channelconductivity_mmhr,954.0174394180316,synth,interpolate,2014-08-12 16:00,2014-08-13 12:00,66.0736,37.7455,-28.3281,-42.87355312863232,2014-08-12 18:45:00,2014-08-12 18:45:00,0.0,138164.11,63188.96000000001,-54.26528640469655,4.4481518289336455,0.7554675967125416,-54.26528640469657,0.2831343164873274,0.988768291206524,0.5317072218608371,0.4573471359530344,1.1625900329578946,0.4334015522805898,3.30368,5.0,0.7315992543349851,-5.0,-20.0,1.0822341964394382,5.86180655954724,0.0005361921553137,1.0,1.0,1.0,1,954.0174394180316,0.4,4.5,0.24,0.026,2.33,ms1,True
SMF_20140812_110_cc33p854573_ms1on,channelconductivity_mmhr,33.85457311036191,synth,interpolate,2014-08-12 16:00,2014-08-13 12:00,66.0736,36.17103333333333,-29.902566666666665,-45.25645139157949,2014-08-12 18:45:00,2014-08-12 18:50:00,0.0833333333333333,138164.11,80357.99,-41.838738005115786,4.207306998955248,0.7812310831765503,-41.83873800511581,0.3857097323241998,0.992162777010789,0.5502855226802771,0.5816126199488422,0.946137521446284,0.5780869894798168,3.30368,0.0,0.4188930409130148,5.0,0.0,0.8278085801046946,7.712722168421806,0.0004488835127214,1.0,1.0,1.0,1,33.85457311036191,0.4,4.5,0.24,0.026,2.33,ms1,True
SMF_20140812_110_cc141p449162_ms1on,channelconductivity_mmhr,141.4491620686093,synth,interpolate,2014-08-12 16:00,2014-08-13 12:00,66.0736,36.798966666666665,-29.27463333333333,-44.30609703926128,2014-08-12 18:45:00,2014-08-12 18:50:00,0.0833333333333333,138164.11,75990.78,-44.99962399786746,4.123272189687332,0.7898829858764418,-44.99962399786747,0.3681002373477043,0.9962335199664308,0.5563937470309516,0.5500037600213253,1.0116180787734588,0.5498380490077215,3.30368,0.0,0.4268960249325366,5.0,-5.0,0.8949261068281784,7.346364329493967,0.0003140090903732,1.0,1.0,1.0,1,141.4491620686093,0.4,4.5,0.24,0.026,2.33,ms1,True
SMF_20140812_110_cc207p648496_ms1on,channelconductivity_mmhr,207.64849551401252,synth,interpolate,2014-08-12 16:00,2014-08-13 12:00,66.0736,55.5417,-10.5319,-15.9396491185587,2014-08-12 18:45:00,2014-08-12 18:45:00,0.0,138164.11,113868.46,-17.584631783174366,2.152586832057694,0.9427337731337394,-17.584631783174373,0.7640768724517004,0.9813464260386848,0.8438275350913024,0.8241536821682564,1.0238715828718818,0.8215630761716567,3.30368,-5.0,0.6657713758437162,5.0,-5.0,1.0576258786970478,4.710633123732898,0.0004513459407891,1.0,1.0,1.0,1,207.64849551401252,0.4,4.5,0.24,0.026,2.33,ms1,True
SMF_20140812_110_cc326p174472_ms1on,channelconductivity_mmhr,326.174472135348,synth,interpolate,2014-08-12 16:00,2014-08-13 12:00,66.0736,42.9448,-23.1288,-35.00460092987214,2014-08-12 18:45:00,2014-08-12 18:45:00,0.0,138164.11,84125.40000000001,-39.11197343506935,3.323381176263595,0.8634984690492465,-39.11197343506936,0.4692506482274801,0.9993156719802312,0.6412246392189753,0.6088802656493065,1.053121073870208,0.6052887594804022,3.30368,0.0,0.6315305165276617,0.0,-10.0,0.9424243561773732,6.102746284949598,0.0006368604402726,1.0,1.0,1.0,1,326.174472135348,0.4,4.5,0.24,0.026,2.33,ms1,True
SMF_20140812_110_cc35p382636_ms1on,channelconductivity_mmhr,35.38263580857612,synth,interpolate,2014-08-12 16:00,2014-08-13 12:00,66.0736,39.06013333333333,-27.013466666666663,-40.88390320289294,2014-08-12 18:45:00,2014-08-12 18:50:00,0.0833333333333333,138164.11,85315.37999999999,-38.25069332404776,3.722531904543705,0.8287407380054969,-38.25069332404777,0.4453486239639832,0.9972115122081217,0.5983548589893732,0.6174930667595224,0.9690066029881396,0.6162293389281361,3.30368,0.0,0.4557144993440595,5.0,0.0,0.9071947037442418,7.284495191778618,0.0006741833380086,1.0,1.0,1.0,1,35.38263580857612,0.4,4.5,0.24,0.026,2.33,ms1,True
SMF_20140812_110_cc53p97598_ms1on,channelconductivity_mmhr,53.97598026384461,synth,interpolate,2014-08-12 16:00,2014-08-13 12:00,66.0736,46.3392,-19.7344,-29.86729949631925,2014-08-12 18:45:00,2014-08-12 18:45:00,0.0,138164.11,97647.85,-29.324735635035744,2.709778674360747,0.9092503722745484,-29.32473563503576,0.5856258721508707,0.9991818483865352,0.7072351857681828,0.7067526436496425,1.000682759552265,0.7067507075214974,3.30368,0.0,0.6856073737229552,0.0,-5.0,0.913504545523206,6.274060262939341,0.0013765892356263,1.0,1.0,1.0,1,53.97598026384461,0.4,4.5,0.24,0.026,2.33,ms1,True
SMF_20140812_110_cc82p707524_ms1on,channelconductivity_mmhr,82.70752433539144,synth,interpolate,2014-08-12 16:00,2014-08-13 12:00,66.0736,55.2056,-10.868000000000002,-16.448324292909728,2014-08-12 18:45:00,2014-08-12 18:45:00,0.0,138164.11,115619.39,-16.31734898447939,2.0588503778285894,0.9476126073657498,-16.3173489844794,0.7718425905294368,0.9845508507899212,0.8412815716532138,0.836826510155206,1.0053237576056016,0.8360103466846535,3.30368,-5.0,0.6614877954281286,5.0,0.0,1.0536889858941378,4.910583388425985,0.000354496641586,1.0,1.0,1.0,1,82.70752433539144,0.4,4.5,0.24,0.026,2.33,ms1,True
SMF_20140812_110_cc315p844906_ms1on,channelconductivity_mmhr,315.84490640167866,synth,interpolate,2014-08-12 16:00,2014-08-13 12:00,66.0736,54.4091,-11.664499999999997,-17.65379818868655,2014-08-12 18:45:00,2014-08-12 18:45:00,0.0,138164.11,109019.28,-21.094356559022447,2.245771545985672,0.9376683876670208,-21.09435655902245,0.7225756734325581,0.9828483124921572,0.8206319740781133,0.7890564344097755,1.040016833133053,0.7846103178369895,3.30368,-5.0,0.6513364363057974,5.0,-5.0,1.1127129369854358,4.701581940193533,0.0003459388809283,1.0,1.0,1.0,1,315.84490640167866,0.4,4.5,0.24,0.026,2.33,ms1,True
SMF_20140812_110_cc109p350927_ms1on,channelconductivity_mmhr,109.35092656814886,synth,interpolate,2014-08-12 16:00,2014-08-13 12:00,66.0736,35.0896,-30.984,-46.89316156528477,2014-08-12 18:45:00,2014-08-12 18:50:00,0.0833333333333333,138164.11,73045.24,-47.13153799492501,4.452037268311786,0.7550402143630449,-47.13153799492502,0.3320220849244304,0.9895717722603684,0.5267690207539143,0.5286846200507499,0.9963766691441645,0.5285553438239156,3.30368,5.0,0.5063877729970023,0.0,-5.0,0.8594419845907314,7.874862083823363,0.0005655799604211,1.0,1.0,1.0,1,109.35092656814886,0.4,4.5,0.24,0.026,2.33,ms1,True
SMF_20140812_110_cc44p497938_ms1on,channelconductivity_mmhr,44.49793829639925,synth,interpolate,2014-08-12 16:00,2014-08-13 12:00,66.0736,46.1273,-19.9463,-30.18800246997288,2014-08-12 18:45:00,2014-08-12 18:45:00,0.0,138164.11,98766.41000000002,-28.51514767474706,2.731474415630821,0.9077913879332188,-28.51514767474708,0.5920842688838197,0.9975569603926278,0.7083188203564355,0.7148485232525293,0.9908656132261644,0.7146917979525991,3.30368,0.0,0.6822315529476539,0.0,-5.0,0.9216417698543248,5.98312072903474,0.0003774305218879,1.0,1.0,1.0,1,44.49793829639925,0.4,4.5,0.24,0.026,2.33,ms1,True
SMF_20140812_110_cc55p30065_ms1on,channelconductivity_mmhr,55.300649888404514,synth,interpolate,2014-08-12 16:00,2014-08-13 12:00,66.0736,45.4838,-20.5898,-31.16191640836885,2014-08-12 18:45:00,2014-08-12 18:45:00,0.0,138164.11,96203.34,-30.37023869657612,2.8244797000106487,0.9014051736559076,-30.37023869657612,0.5694954902519356,0.9990401686356244,0.6948802336975327,0.6962976130342388,0.9979644058658632,0.6962892745252023,3.30368,0.0,0.6719798272803279,0.0,-5.0,0.9044817089254747,6.244564920593577,0.0009804307407806,1.0,1.0,1.0,1,55.300649888404514,0.4,4.5,0.24,0.026,2.33,ms1,True
SMF_20140812_110_cc585p325562_ms1on,channelconductivity_mmhr,585.3255617653081,synth,interpolate,2014-08-12 16:00,2014-08-13 12:00,66.0736,42.6121,-23.4615,-35.508130327392486,2014-08-12 18:45:00,2014-08-12 18:45:00,0.0,138164.11,77922.51000000001,-43.60148232417231,3.553973403247588,0.8438990458442477,-43.60148232417232,0.4219300710886839,0.9972014911513964,0.6204633285527638,0.563985176758277,1.100141198956889,0.552624299422946,3.30368,0.0,0.626230207080079,0.0,-10.0,1.082464811956331,5.95777767427468,0.0009731691467833,1.0,1.0,1.0,1,585.3255617653081,0.4,4.5,0.24,0.026,2.33,ms1,True
SMF_20140812_110_cc105p706523_ms1on,channelconductivity_mmhr,105.70652281918215,synth,interpolate,2014-08-12 16:00,2014-08-13 12:00,66.0736,43.4744,-22.5992,-34.20307051530414,2014-08-12 18:45:00,2014-08-12 18:45:00,0.0,138164.11,90412.8,-34.56129815478129,3.106272871356894,0.8807505407131593,-34.5612981547813,0.5175479645674552,0.9995877395310098,0.6633823184680544,0.6543870184521872,1.013746146794207,0.6541135164179568,3.30368,0.0,0.6399676787862723,0.0,-5.0,0.8988566987699745,6.528289812498869,0.0011531731484315,1.0,1.0,1.0,1,105.70652281918215,0.4,4.5,0.24,0.026,2.33,ms1,True
SMF_20140812_110_cc47p547475_ms1on,channelconductivity_mmhr,47.54747474756454,synth,interpolate,2014-08-12 16:00,2014-08-13 12:00,66.0736,37.43523333333333,-28.63836666666667,-43.34313048882862,2014-08-12 18:45:00,2014-08-12 18:50:00,0.0833333333333333,138164.11,80877.55,-41.46269244596154,3.980659557384109,0.8041663655855197,-41.46269244596155,0.4039396205351332,0.9958734089594864,0.5717997422614673,0.5853730755403846,0.9768125083881128,0.584704713477619,3.30368,0.0,0.43500521693618,5.0,0.0,0.8825800977090873,7.445422468713389,0.0004450806657167,1.0,1.0,1.0,1,47.54747474756454,0.4,4.5,0.24,0.026,2.33,ms1,True
SMF_20140812_110_cc272p96177_ms1on,channelconductivity_mmhr,272.96177039157664,synth,interpolate,2014-08-12 16:00,2014-08-13 12:00,66.0736,43.4002,-22.6734,-34.315369527315,2014-08-12 18:45:00,2014-08-12 18:45:00,0.0,138164.11,85328.19,-38.24142174114536,3.2421355359289548,0.8700909090819823,-38.24142174114537,0.4813947017031761,0.9995395948931408,0.6496992581077501,0.6175857825885464,1.0519984047958544,0.6140664827297446,3.30368,0.0,0.6387855839230001,0.0,-10.0,0.916893332264508,6.3423104760131865,0.0013346769949688,1.0,1.0,1.0,1,272.96177039157664,0.4,4.5,0.24,0.026,2.33,ms1,True
SMF_20140812_110_cc252p421548_ms1on,channelconductivity_mmhr,252.42154818734025,synth,interpolate,2014-08-12 16:00,2014-08-13 12:00,66.0736,40.00106666666667,-26.07253333333333,-39.45983468939687,2014-08-12 18:45:00,2014-08-12 18:50:00,0.0833333333333333,138164.11,80032.73000000001,-42.07415370026267,3.661199081969548,0.8343376184256983,-42.07415370026268,0.422283337422751,0.9992217053385212,0.6041054489924342,0.5792584629973733,1.042894472126467,0.5770768598895053,3.30368,0.0,0.4677066552471842,5.0,-10.0,0.9789955083929602,6.56340614366767,0.0004557378990601,1.0,1.0,1.0,1,252.42154818734025,0.4,4.5,0.24,0.026,2.33,ms1,True
SMF_20140812_110_cc974p708182_ms1on,channelconductivity_mmhr,974.708182086846,synth,interpolate,2014-08-12 16:00,2014-08-13 12:00,66.0736,30.206766666666667,-35.86683333333333,-54.28315292845151,2014-08-12 18:45:00,2014-08-12 18:50:00,0.0833333333333333,138164.11,46301.23,-66.48823634444574,5.739452598634983,0.5928840121950012,-66.48823634444574,0.1071222776903929,0.9584065042515358,0.4054984853772644,0.3351176365555426,1.2100183372773845,0.3014971166123777,3.30368,10.0,0.5714645203024351,-5.0,-25.0,1.156529359852194,7.331402062950774,0.0012076212447358,1.0,1.0,1.0,1,974.708182086846,0.4,4.5,0.24,0.026,2.33,ms1,True
SMF_20140812_110_cc65p175964_ms1on,channelconductivity_mmhr,65.17596369935548,synth,interpolate,2014-08-12 16:00,2014-08-13 12:00,66.0736,51.0009,-15.072699999999998,-22.811985422316926,2014-08-12 18:45:00,2014-08-12 18:45:00,0.0,138164.11,107192.55,-22.416501651550465,2.2321339504357427,0.9384231147612508,-22.416501651550465,0.6848536361870108,0.9933948808641327,0.7785871539491137,0.7758349834844953,1.0035473657713363,0.7757096390120362,3.30368,-5.0,0.6078990701278575,5.0,0.0,0.9968235539005538,5.442589642166675,0.0005387845981059,1.0,1.0,1.0,1,65.17596369935548,0.4,4.5,0.24,0.026,2.33,ms1,True
SMF_20140812_110_cc332p363898_ms1on,channelconductivity_mmhr,332.3638976899988,synth,interpolate,2014-08-12 16:00,2014-08-13 12:00,66.0736,52.7153,-13.3583,-20.21730312863232,2014-08-12 18:45:00,2014-08-12 18:45:00,0.0,138164.11,104818.72,-24.134625120807424,2.32142344502983,0.9333982035686494,-24.13462512080742,0.6808311348606509,0.9870379291717352,0.7915468008832867,0.7586537487919257,1.0433571337962009,0.7544478277364065,3.30368,-5.0,0.6297490262852016,5.0,-5.0,1.0888967203594733,4.848441349685949,0.0004190102481763,1.0,1.0,1.0,1,332.3638976899988,0.4,4.5,0.24,0.026,2.33,ms1,True
SMF_20140812_110_cc872p533603_ms1on,channelconductivity_mmhr,872.5336030415297,synth,interpolate,2014-08-12 16:00,2014-08-13 12:00,66.0736,29.6765,-36.3971,-55.08569231886866,2014-08-12 18:45:00,2014-08-12 18:50:00,0.0833333333333333,138164.11,46897.06,-66.05698831628561,5.725544464076746,0.5948547100436019,-66.0569883162856,0.1087834378510504,0.9642306156234188,0.402810799454542,0.3394301168371438,1.1867267501422327,0.3126144468937765,3.30368,10.0,0.5602008095597382,-5.0,-25.0,1.0911302919744148,7.2889308208855,0.0004317186461484,1.0,1.0,1.0,1,872.5336030415297,0.4,4.5,0.24,0.026,2.33,ms1,True
SMF_20140812_110_cc161p38056_ms1on,channelconductivity_mmhr,161.3805603977739,synth,interpolate,2014-08-12 16:00,2014-08-13 12:00,66.0736,35.34086666666666,-30.732733333333336,-46.51287856773861,2014-08-12 18:45:00,2014-08-12 18:50:00,0.0833333333333333,138164.11,71716.52,-48.09323492186211,4.437133646170034,0.7566775220420295,-48.09323492186213,0.325790848361695,0.9908014243906814,0.527583402244734,0.5190676507813788,1.016405860489545,0.5186999994010133,3.30368,5.0,0.510390751918541,0.0,-10.0,0.8638533636943428,7.692693620535511,0.0005469384902605,1.0,1.0,1.0,1,161.3805603977739,0.4,4.5,0.24,0.026,2.33,ms1,True
SMF_20140812_110_cc232p832397_ms1on,channelconductivity_mmhr,232.832397203572,synth,interpolate,2014-08-12 16:00,2014-08-13 12:00,66.0736,48.4017,-17.6719,-26.74578046299884,2014-08-12 18:45:00,2014-08-12 18:45:00,0.0,138164.11,96147.32,-30.4107846820712,2.594113730628749,0.9168321957238584,-30.4107846820712,0.5904236826027821,0.9974304024063144,0.7256561018667566,0.695892153179288,1.0427709215450809,0.6928883964101347,3.30368,0.0,0.7184654688105385,0.0,-10.0,0.9744794967824312,5.687176475062667,0.0010518132921234,1.0,1.0,1.0,1,232.832397203572,0.4,4.5,0.24,0.026,2.33,ms1,True
SMF_20140812_110_cc90p26546_ms1on,channelconductivity_mmhr,90.26546021609003,synth,interpolate,2014-08-12 16:00,2014-08-13 12:00,66.0736,36.84243333333333,-29.231166666666667,-44.24031181389642,2014-08-12 18:45:00,2014-08-12 18:50:00,0.0833333333333333,138164.11,77090.84,-44.20342591140347,4.134335407111086,0.7887539365921286,-44.20342591140347,0.3741584775825183,0.994457055354496,0.5569959360051033,0.5579657408859653,0.9982618917080428,0.5579275721261603,3.30368,0.0,0.4274500057777143,5.0,0.0,0.8957778452979352,7.555300644836135,0.0004243906760489,1.0,1.0,1.0,1,90.26546021609003,0.4,4.5,0.24,0.026,2.33,ms1,True
SMF_20140812_110_cc56p158522_ms1on,channelconductivity_mmhr,56.15852235216166,synth,interpolate,2014-08-12 16:00,2014-08-13 12:00,66.0736,57.4243,-8.649299999999997,-13.0904022181325,2014-08-12 18:45:00,2014-08-12 18:45:00,0.0,138164.11,121497.29,-12.063060370743155,1.9117988029521071,0.9548288048250618,-12.063060370743168,0.8271838153026684,0.9831985863766276,0.8773973750575496,0.8793693962925684,0.9977574597850084,0.8781843235163105,3.30368,-5.0,0.6897650339525684,5.0,0.0,1.0510213795704697,4.811420170368561,0.0009455321520386,1.0,1.0,1.0,1,56.15852235216166,0.4,4.5,0.24,0.026,2.33,ms1,True
SMF_20140812_110_cc68p789764_ms1on,channelconductivity_mmhr,68.78976387475603,synth,interpolate,2014-08-12 16:00,2014-08-13 12:00,66.0736,35.61226666666667,-30.46133333333333,-46.102124499547976,2014-08-12 18:45:00,2014-08-12 18:50:00,0.0833333333333333,138164.11,75898.78,-45.06621147850914,4.32666064874951,0.7686428752678982,-45.066211478509146,0.3553684083555721,0.9908930795195704,0.5391631403166403,0.5493378852149086,0.9814781664033824,0.5488655011828638,3.30368,5.0,0.5147144789521266,0.0,-5.0,0.8435501618672123,7.770844007475363,0.000476691125599,1.0,1.0,1.0,1,68.78976387475603,0.4,4.5,0.24,0.026,2.33,ms1,True
SMF_20140812_110_cc67p858873_ms1on,channelconductivity_mmhr,67.85887294792992,synth,interpolate,2014-08-12 16:00,2014-08-13 12:00,66.0736,38.75286666666667,-27.32073333333333,-41.34894017176804,2014-08-12 18:45:00,2014-08-12 18:50:00,0.0833333333333333,138164.11,82489.88,-40.29572513440719,3.791423977367807,0.8223431671625286,-40.29572513440719,0.4258906808530269,0.9973705644289894,0.5910745178040266,0.5970427486559281,0.9900036791915868,0.5969102001142967,3.30368,0.0,0.4517983985535322,5.0,0.0,0.917435717565203,7.173357298672532,0.0003915762180393,1.0,1.0,1.0,1,67.85887294792992,0.4,4.5,0.24,0.026,2.33,ms1,True
SMF_20140812_110_cc170p033545_ms1on,channelconductivity_mmhr,170.03354465635456,synth,interpolate,2014-08-12 16:00,2014-08-13 12:00,66.0736,50.7902,-15.2834,-23.13087223944208,2014-08-12 18:45:00,2014-08-12 18:45:00,0.0,138164.11,102867.19,-25.5470975783798,2.305987389624345,0.9342809817665272,-25.547097578379795,0.6534988804534918,0.994775835415472,0.765969415495642,0.7445290242162019,1.0287972538102343,0.7428580291151535,3.30368,-5.0,0.6052137074573298,5.0,-5.0,0.9721105772971026,5.512618795259638,0.0012878042712818,1.0,1.0,1.0,1,170.03354465635456,0.4,4.5,0.24,0.026,2.33,ms1,True
SMF_20140812_110_cc159p255943_ms1on,channelconductivity_mmhr,159.25594292849982,synth,interpolate,2014-08-12 16:00,2014-08-13 12:00,66.0736,40.540866666666666,-25.532733333333333,-38.64286694433682,2014-08-12 18:45:00,2014-08-12 18:50:00,0.0833333333333333,138164.11,83630.01000000001,-39.47052530501588,3.5340760335493986,0.8456420547985495,-39.470525305015904,0.4505436913545487,0.999014502907282,0.6177578946264871,0.6052947469498412,1.020590212849937,0.6047568281992524,3.30368,0.0,0.4745863836266373,5.0,-5.0,0.9910381844753072,6.673231842831588,0.0006493810810768,1.0,1.0,1.0,1,159.25594292849982,0.4,4.5,0.24,0.026,2.33,ms1,True
SMF_20140812_110_cc372p813921_ms1on,channelconductivity_mmhr,372.8139207332098,synth,interpolate,2014-08-12 16:00,2014-08-13 12:00,66.0736,42.352,-23.7216,-35.90178225493995,2014-08-12 18:45:00,2014-08-12 18:45:00,0.0,138164.11,81877.02,-40.73929908425566,3.4304765837718945,0.8545592419917161,-40.73929908425568,0.4495505789068388,0.9992655542902928,0.6298311509815387,0.5926070091574434,1.0628142111869718,0.5877922689648027,3.30368,0.0,0.6220865025795795,0.0,-10.0,0.955593971379838,6.165077936417863,0.0008458234919773,1.0,1.0,1.0,1,372.8139207332098,0.4,4.5,0.24,0.026,2.33,ms1,True
SMF_20140812_110_cc903p042371_ms1on,channelconductivity_mmhr,903.0423706548276,synth,interpolate,2014-08-12 16:00,2014-08-13 12:00,66.0736,29.9955,-36.0781,-54.60289737504843,2014-08-12 18:45:00,2014-08-12 18:50:00,0.0833333333333333,138164.11,46586.8,-66.28154735698004,5.769512561076184,0.5886083644319909,-66.28154735698003,0.1079557297580237,0.9539688354382376,0.4047691540611582,0.3371845264301996,1.2004381053498592,0.3060124970932747,3.30368,10.0,0.5669768789466887,-5.0,-25.0,1.086939137858436,7.506089074009386,0.0012155124879313,1.0,1.0,1.0,1,903.0423706548276,0.4,4.5,0.24,0.026,2.33,ms1,True
SMF_20140812_110_cc97p9054_ms1on,channelconductivity_mmhr,97.9054001468527,synth,interpolate,2014-08-12 16:00,2014-08-13 12:00,66.0736,57.9112,-8.162399999999998,-12.353496706702826,2014-08-12 18:45:00,2014-08-12 18:45:00,0.0,138164.11,122371.0,-11.4306891999666,2.036076626159576,0.9487651525384068,-11.430689199966617,0.8402335112393485,0.9782950212112872,0.890509547137362,0.8856931080003339,1.0054380451801217,0.8835236333060528,3.30368,-5.0,0.6959705540488182,5.0,-5.0,1.02475245262843,4.618534990476518,0.0007635942194386,1.0,1.0,1.0,1,97.9054001468527,0.4,4.5,0.24,0.026,2.33,ms1,True
SMF_20140812_110_cc779p004299_ms1on,channelconductivity_mmhr,779.0042991770222,synth,interpolate,2014-08-12 16:00,2014-08-13 12:00,66.0736,31.356033333333333,-34.71756666666667,-52.5437794620948,2014-08-12 18:45:00,2014-08-12 18:50:00,0.0833333333333333,138164.11,51476.32000000001,-62.7426254184245,5.408079188269853,0.6385374606470552,-62.7426254184245,0.1545812235421144,0.9730998109953504,0.434009202389836,0.3725737458157549,1.1648947551029594,0.3507099224009167,3.30368,10.0,0.5958767794793713,-5.0,-25.0,1.0613723517364593,7.137990723825312,0.0003858311878103,1.0,1.0,1.0,1,779.0042991770222,0.4,4.5,0.24,0.026,2.33,ms1,True
SMF_20140812_110_cc53p008446_ms1on,channelconductivity_mmhr,53.00844575727773,synth,interpolate,2014-08-12 16:00,2014-08-13 12:00,66.0736,40.36356666666666,-25.71003333333333,-38.91120407141935,2014-08-12 18:45:00,2014-08-12 18:50:00,0.0833333333333333,138164.11,86286.67000000001,-37.5476959971732,3.5443476883504483,0.8447434801059337,-37.547695997173214,0.4638446729438835,0.998041540206024,0.617278493292743,0.624523040028268,0.9883998727489748,0.6243387882857504,3.30368,0.0,0.4723267025564686,5.0,-5.0,0.9006196221753144,7.039900530673071,0.0007911542414421,1.0,1.0,1.0,1,53.00844575727773,0.4,4.5,0.24,0.026,2.33,ms1,True
SMF_20140812_110_cc189p407946_ms1on,channelconductivity_mmhr,189.40794566012045,synth,interpolate,2014-08-12 16:00,2014-08-13 12:00,66.0736,38.570033333333335,-27.503566666666664,-41.62565179839855,2014-08-12 18:45:00,2014-08-12 18:50:00,0.0833333333333333,138164.11,78354.11000000002,-43.2891001867272,3.877138282412654,0.8142196431764837,-43.28910018672722,0.3978872741237246,0.9981245614965508,0.5815007790987802,0.567108998132728,1.0253774512720462,0.5663617270116765,3.30368,0.0,0.4494681953819069,5.0,-5.0,0.9584865814196056,6.865857287367217,0.0003196390298966,1.0,1.0,1.0,1,189.40794566012045,0.4,4.5,0.24,0.026,2.33,ms1,True
SMF_20140812_110_cc41p009734_ms1on,channelconductivity_mmhr,41.00973390664456,synth,interpolate,2014-08-12 16:00,2014-08-13 12:00,66.0736,58.3572,-7.7164,-11.678491863618753,2014-08-12 18:45:00,2014-08-12 18:45:00,0.0,138164.11,125565.32,-9.118713969930392,2.078447749259979,0.9466105516918693,-9.118713969930395,0.8633410824749659,0.9760126770369112,0.9010799634571532,0.908812860300696,0.9914912110277752,0.9053274823444006,3.30368,-5.0,0.701654805359,5.0,0.0,1.0668307862942457,4.598599953987359,0.0004721260767027,1.0,1.0,1.0,1,41.00973390664456,0.4,4.5,0.24,0.026,2.33,ms1,True
SMF_20140812_110_cc36p721192_ms1on,channelconductivity_mmhr,36.72119198305584,synth,interpolate,2014-08-12 16:00,2014-08-13 12:00,66.0736,39.00286666666666,-27.070733333333337,-40.97057422833528,2014-08-12 18:45:00,2014-08-12 18:50:00,0.0833333333333333,138164.11,84939.02,-38.523094022029305,3.734450384229027,0.8276423363391174,-38.52309402202931,0.4426088359792686,0.9971650763359404,0.5971675340377914,0.614769059779707,0.9713688815955982,0.6136961622811923,3.30368,0.0,0.4549846380771766,5.0,0.0,0.9059026520792736,7.301790219847668,0.0006553638017554,1.0,1.0,1.0,1,36.72119198305584,0.4,4.5,0.24,0.026,2.33,ms1,True
SMF_20140812_110_cc30p886453_ms1on,channelconductivity_mmhr,30.886452540807127,synth,interpolate,2014-08-12 16:00,2014-08-13 12:00,66.0736,45.3207,-20.7529,-31.40876234986439,2014-08-12 18:45:00,2014-08-12 18:45:00,0.0,138164.11,96837.35,-29.91135686394969,2.840047870709348,0.900315294138657,-29.91135686394969,0.5708063705535187,0.9993434602980292,0.6922049162692681,0.7008864313605031,0.9876135209603312,0.7006293553942948,3.30368,0.0,0.6693814489487959,0.0,-5.0,0.883722917557193,6.444641851316133,0.00126968049966,1.0,1.0,1.0,1,30.886452540807127,0.4,4.5,0.24,0.026,2.33,ms1,True
SMF_20140812_110_cc36p818923_ms1on,channelconductivity_mmhr,36.81892317908436,synth,interpolate,2014-08-12 16:00,2014-08-13 12:00,66.0736,54.2118,-11.861800000000002,-17.95240459124371,2014-08-12 18:45:00,2014-08-12 18:45:00,0.0,138164.11,115507.06,-16.398650850788947,2.0644541246902706,0.947327044897018,-16.398650850788965,0.7636151991742715,0.986354681521898,0.8302943596327971,0.8360134914921105,0.9931590435830098,0.8353046194525295,3.30368,-5.0,0.6488218560737372,5.0,0.0,1.0163240353860166,5.057475761340326,0.0003450043815451,1.0,1.0,1.0,1,36.81892317908436,0.4,4.5,0.24,0.026,2.33,ms1,True
SMF_20140812_110_cc359p546215_ms1on,channelconductivity_mmhr,359.54621450079185,synth,interpolate,2014-08-12 16:00,2014-08-13 12:00,66.0736,46.9311,-19.1425,-28.97148028864781,2014-08-12 18:45:00,2014-08-12 18:45:00,0.0,138164.11,90294.65,-34.64681240301841,2.870398652743346,0.898173305486957,-34.64681240301841,0.5379048973800022,0.997895790776531,0.6942430782468937,0.653531875969816,1.0622941340338814,0.647969961792346,3.30368,0.0,0.6950370495931809,0.0,-10.0,1.0173544700079942,5.740896531302978,0.0010086341566907,1.0,1.0,1.0,1,359.54621450079185,0.4,4.5,0.24,0.026,2.33,ms1,True
SMF_20140812_110_cc59p508618_ms1on,channelconductivity_mmhr,59.508618248056,synth,interpolate,2014-08-12 16:00,2014-08-13 12:00,66.0736,40.15566666666667,-25.91793333333333,-39.22585318997804,2014-08-12 18:45:00,2014-08-12 18:50:00,0.0833333333333333,138164.11,85963.55,-37.78156280961821,3.553079931250005,0.8439775238089601,-37.781562809618215,0.4610504764629974,0.9984891172774284,0.6156568495205774,0.6221843719038178,0.9895087008320912,0.6220357173507732,3.30368,0.0,0.469677025768606,5.0,-5.0,0.907573577201171,6.834904555461858,0.0003317007247088,1.0,1.0,1.0,1,59.508618248056,0.4,4.5,0.24,0.026,2.33,ms1,True
SMF_20140812_110_cc39p169384_ms1on,channelconductivity_mmhr,39.16938431556344,synth,interpolate,2014-08-12 16:00,2014-08-13 12:00,66.0736,58.2052,-7.868400000000001,-11.908538357225884,2014-08-12 18:45:00,2014-08-12 18:45:00,0.0,138164.11,125076.56,-9.47246719860894,1.927721305315732,0.9540732508768388,-9.47246719860896,0.8581276724295827,0.9806162571276664,0.8961767638741943,0.9052753280139104,0.9899493956610113,0.90279142209562,3.30368,-5.0,0.699717571728624,5.0,0.0,1.0505423680703685,4.684389699667843,0.0009312609920177,1.0,1.0,1.0,1,39.16938431556344,0.4,4.5,0.24,0.026,2.33,ms1,True
SMF_20140812_110_cc63p929473_ms1on,channelconductivity_mmhr,63.92947339013978,synth,interpolate,2014-08-12 16:00,2014-08-13 12:00,66.0736,37.1214,-28.9522,-43.8181058698179,2014-08-12 18:45:00,2014-08-12 18:50:00,0.0833333333333333,138164.11,78643.95999999999,-43.07931343385775,4.099588919070047,0.7922897960751869,-43.07931343385775,0.385790166390183,0.993143298470829,0.5622512355769771,0.5692068656614224,0.9877801367059008,0.5689790445836278,3.30368,0.0,0.431005424254165,5.0,0.0,0.8749326728568272,7.699548015326614,0.0008336568622673,1.0,1.0,1.0,1,63.92947339013978,0.4,4.5,0.24,0.026,2.33,ms1,True
SMF_20140812_110_cc80p560268_ms1on,channelconductivity_mmhr,80.5602675649913,synth,interpolate,2014-08-12 16:00,2014-08-13 12:00,66.0736,58.4548,-7.6188,-11.530777799302596,2014-08-12 18:45:00,2014-08-12 18:45:00,0.0,138164.11,124178.95,-10.12213663881307,2.0403600116480227,0.9485493557046956,-10.122136638813076,0.8562896267392482,0.9771799901004852,0.9005708618288863,0.8987786336118692,1.001994070786724,0.896219008563241,3.30368,-5.0,0.7028987132690308,5.0,0.0,1.0915189446980882,4.553919950423783,0.0006411815036149,1.0,1.0,1.0,1,80.5602675649913,0.4,4.5,0.24,0.026,2.33,ms1,True
SMF_20140812_110_cc592p506072_ms1on,channelconductivity_mmhr,592.506072357614,synth,interpolate,2014-08-12 16:00,2014-08-13 12:00,66.0736,43.5299,-22.5437,-34.11907327586207,2014-08-12 18:45:00,2014-08-12 18:45:00,0.0,138164.11,79066.64000000001,-42.77338738692703,3.474526628123457,0.8508001111181255,-42.77338738692704,0.4342773135889991,0.9969304945198152,0.6297616049070898,0.5722661261307297,1.1004698271503592,0.5606142072315847,3.30368,0.0,0.6408518602540835,0.0,-15.0,0.9686141365271,5.707704463943046,0.0006020389473641,1.0,1.0,1.0,1,592.506072357614,0.4,4.5,0.24,0.026,2.33,ms1,True
SMF_20140812_110_cc50p316936_ms1on,channelconductivity_mmhr,50.31693618983837,synth,interpolate,2014-08-12 16:00,2014-08-13 12:00,66.0736,48.3707,-17.7029,-26.792697839984505,2014-08-12 18:45:00,2014-08-12 18:45:00,0.0,138164.11,101975.08,-26.19278624528468,2.486230117118104,0.9236058932960732,-26.192786245284683,0.6290791495727368,0.9970637567948286,0.7373834532471215,0.7380721375471533,0.9990669146483154,0.7380540183519686,3.30368,-5.0,0.574377281347499,5.0,0.0,0.9530718781622228,5.764701073862865,0.0006238789644046,1.0,1.0,1.0,1,50.31693618983837,0.4,4.5,0.24,0.026,2.33,ms1,True
SMF_20140812_110_cc51p272474_ms1on,channelconductivity_mmhr,51.27247366739553,synth,interpolate,2014-08-12 16:00,2014-08-13 12:00,66.0736,56.8447,-9.228899999999996,-13.967605821387052,2014-08-12 18:45:00,2014-08-12 18:45:00,0.0,138164.11,121505.13,-12.057385959349345,2.0408143404441,0.9485264400313148,-12.057385959349356,0.8247321936837735,0.9799641257278858,0.8743842682790773,0.8794261404065065,0.9942668611998516,0.8776384016301633,3.30368,-5.0,0.6823780562409512,5.0,0.0,1.052120523676798,4.748847334984853,0.0003824685185506,1.0,1.0,1.0,1,51.27247366739553,0.4,4.5,0.24,0.026,2.33,ms1,True
SMF_20140812_110_cc729p391736_ms1on,channelconductivity_mmhr,729.3917361613693,synth,interpolate,2014-08-12 16:00,2014-08-13 12:00,66.0736,48.9923,-17.0813,-25.85192875823324,2014-08-12 18:45:00,2014-08-12 18:45:00,0.0,138164.11,90291.08000000002,-34.64939628677807,2.8844276429571,0.8971755230789757,-34.64939628677809,0.5515756686967116,0.9884620291936278,0.7155827188255722,0.6535060371322191,1.094990219165785,0.640536047966821,3.30368,0.0,0.7278744341238607,0.0,-15.0,1.1301708697798485,4.774569621258226,0.0003083990267794,1.0,1.0,1.0,1,729.3917361613693,0.4,4.5,0.24,0.026,2.33,ms1,True
SMF_20140812_110_cc151p521481_ms1on,channelconductivity_mmhr,151.52148063602786,synth,interpolate,2014-08-12 16:00,2014-08-13 12:00,66.0736,36.65493333333333,-29.418666666666667,-44.524086271471006,2014-08-12 18:45:00,2014-08-12 18:50:00,0.0833333333333333,138164.11,73618.42,-46.71668351498808,4.299348337806224,0.7715545681535152,-46.71668351498809,0.3477532086399292,0.9894244950037594,0.5449514491072119,0.5328331648501192,1.0227431118340793,0.5321603455180623,3.30368,5.0,0.5313254076687263,0.0,-10.0,0.8855388475324321,7.856213285790515,0.0012420264868552,1.0,1.0,1.0,1,151.52148063602786,0.4,4.5,0.24,0.026,2.33,ms1,True
SMF_20140812_110_cc112p162328_ms1on,channelconductivity_mmhr,112.16232808644094,synth,interpolate,2014-08-12 16:00,2014-08-13 12:00,66.0736,47.5887,-18.4849,-27.976226511042224,2014-08-12 18:45:00,2014-08-12 18:45:00,0.0,138164.11,97483.77999999998,-29.443485721436637,2.6083567154043243,0.9159164227073716,-29.44348572143663,0.5940223821931376,0.9985794337184803,0.720493429399718,0.7055651427856336,1.0211579140023077,0.7048025059789065,3.30368,0.0,0.7055134051469238,0.0,-5.0,0.9785670760591368,6.016217155502988,0.0011612304663073,1.0,1.0,1.0,1,112.16232808644094,0.4,4.5,0.24,0.026,2.33,ms1,True
SMF_20140812_110_cc135p080336_ms1on,channelconductivity_mmhr,135.08033602886047,synth,interpolate,2014-08-12 16:00,2014-08-13 12:00,66.0736,41.19223333333333,-24.881366666666665,-37.657047090920834,2014-08-12 18:45:00,2014-08-12 18:50:00,0.0833333333333333,138164.11,84952.88000000002,-38.51306247331523,3.467134331249844,0.8514343020224229,-38.51306247331526,0.4628090322775162,0.9987014362090996,0.6255045375076604,0.6148693752668476,1.0172966204995937,0.6144789792294403,3.30368,0.0,0.4828880244975088,5.0,-5.0,0.9700130113681558,6.81476867145835,0.0010244333796949,1.0,1.0,1.0,1,135.08033602886047,0.4,4.5,0.24,0.026,2.33,ms1,True
SMF_20140812_110_cc408p91284_ms1on,channelconductivity_mmhr,408.9128402192324,synth,interpolate,2014-08-12 16:00,2014-08-13 12:00,66.0736,54.2068,-11.866799999999998,-17.95997191011236,2014-08-12 18:45:00,2014-08-12 18:45:00,0.0,138164.11,107326.61,-22.319472111824112,2.2767658067979126,0.9359360176576,-22.31947211182412,0.7090132308457945,0.9832699795959792,0.8140496767815811,0.7768052788817588,1.0479456035023824,0.7711014241787946,3.30368,-5.0,0.6487581312832644,5.0,-5.0,1.151543427185626,4.613546771118622,0.0005759789819226,1.0,1.0,1.0,1,408.9128402192324,0.4,4.5,0.24,0.026,2.33,ms1,True
SMF_20140812_110_cc180p332427_ms1on,channelconductivity_mmhr,180.33242710831087,synth,interpolate,2014-08-12 16:00,2014-08-13 12:00,66.0736,48.3107,-17.762900000000002,-26.88350566640837,2014-08-12 18:45:00,2014-08-12 18:45:00,0.0,138164.11,98039.92,-29.04096440095767,2.567229084602852,0.9185471172014186,-29.04096440095767,0.6037290594513188,0.9966010995284564,0.7304052217398268,0.7095903559904234,1.0293336367577186,0.7080928639042576,3.30368,0.0,0.7170157298272802,0.0,-10.0,0.9453829563448728,5.541374376054318,0.0003282042153455,1.0,1.0,1.0,1,180.33242710831087,0.4,4.5,0.24,0.026,2.33,ms1,True
